period,red1,red2,red3,red4,red5,red6,blue,date,source
03001,10,11,12,13,26,28,11,2003-02-23,500.com
03002,4,9,19,20,21,26,12,2003-02-27,500.com
03003,1,7,10,23,28,32,16,2003-03-02,500.com
03004,4,6,7,10,13,25,3,2003-03-06,500.com
03005,4,6,15,17,30,31,16,2003-03-09,500.com
03006,1,3,10,21,26,27,6,2003-03-13,500.com
03007,1,9,19,21,23,26,7,2003-03-16,500.com
03008,5,8,9,14,17,23,8,2003-03-20,500.com
03009,5,9,18,20,22,30,9,2003-03-23,500.com
03010,1,2,8,13,17,24,13,2003-03-27,500.com
03011,4,5,11,12,30,32,15,2003-03-30,500.com
03012,2,12,16,17,27,30,12,2003-04-03,500.com
03013,8,13,17,21,23,32,12,2003-04-06,500.com
03014,3,5,7,8,21,31,2,2003-04-10,500.com
03015,4,11,19,25,26,32,13,2003-04-13,500.com
03016,11,17,28,30,31,33,6,2003-04-17,500.com
03017,5,8,18,23,25,31,6,2003-04-20,500.com
03018,5,16,19,20,25,28,13,2003-04-24,500.com
03019,4,8,12,13,16,33,9,2003-04-27,500.com
03020,7,10,25,26,27,32,4,2003-05-01,500.com
03021,14,15,18,25,26,30,1,2003-05-04,500.com
03022,2,7,11,12,14,32,8,2003-05-08,500.com
03023,1,10,20,22,26,31,2,2003-05-11,500.com
03024,2,7,15,17,22,30,14,2003-05-15,500.com
03025,1,5,11,13,14,27,12,2003-05-18,500.com
03026,8,13,15,26,29,31,16,2003-05-22,500.com
03027,1,11,14,17,27,28,15,2003-05-25,500.com
03028,6,13,16,20,28,32,7,2003-05-29,500.com
03029,2,7,15,26,29,32,10,2003-06-01,500.com
03030,2,6,13,14,23,27,7,2003-06-05,500.com
03031,11,17,20,22,28,32,1,2003-06-08,500.com
03032,4,11,25,27,29,30,13,2003-06-12,500.com
03033,1,7,14,20,27,30,10,2003-06-15,500.com
03034,8,13,14,16,23,25,14,2003-06-19,500.com
03035,3,4,5,8,10,11,8,2003-06-22,500.com
03036,7,21,24,25,27,28,15,2003-06-26,500.com
03037,9,14,17,18,26,32,7,2003-06-29,500.com
03038,5,7,8,24,25,27,16,2003-07-03,500.com
03039,3,5,23,24,27,32,3,2003-07-06,500.com
03040,4,5,6,12,14,23,16,2003-07-10,500.com
03041,2,3,17,18,24,25,11,2003-07-13,500.com
03042,3,5,7,10,15,20,7,2003-07-17,500.com
03043,2,8,10,19,20,32,13,2003-07-20,500.com
03044,2,5,9,16,32,33,15,2003-07-24,500.com
03045,3,7,14,15,17,32,3,2003-07-27,500.com
03046,7,8,10,11,17,26,11,2003-07-31,500.com
03047,3,17,26,28,32,33,16,2003-08-03,500.com
03048,10,12,20,28,30,31,9,2003-08-07,500.com
03049,3,6,7,13,24,25,15,2003-08-10,500.com
03050,2,8,17,23,24,26,13,2003-08-14,500.com
03051,4,13,15,17,24,27,1,2003-08-17,500.com
03052,1,12,13,23,30,31,11,2003-08-21,500.com
03053,15,19,20,21,28,29,13,2003-08-24,500.com
03054,2,5,9,21,31,33,12,2003-08-28,500.com
03055,6,13,16,21,28,31,16,2003-08-31,500.com
03056,8,17,21,26,28,29,7,2003-09-04,500.com
03057,18,19,24,25,30,31,16,2003-09-07,500.com
03058,9,11,16,28,32,33,2,2003-09-11,500.com
03059,2,3,5,6,18,30,4,2003-09-14,500.com
03060,2,4,6,17,21,28,11,2003-09-18,500.com
03061,3,5,20,21,28,32,2,2003-09-21,500.com
03062,1,6,12,19,20,32,14,2003-09-25,500.com
03063,5,8,9,14,21,33,11,2003-09-28,500.com
03064,4,6,8,12,15,30,1,2003-10-02,500.com
03065,6,15,16,17,30,33,11,2003-10-05,500.com
03066,3,7,8,20,24,32,14,2003-10-09,500.com
03067,5,11,12,13,27,31,10,2003-10-12,500.com
03068,9,19,25,27,32,33,11,2003-10-16,500.com
03069,7,11,16,19,26,28,11,2003-10-19,500.com
03070,1,2,4,17,18,19,8,2003-10-23,500.com
03071,9,11,12,14,15,33,11,2003-10-26,500.com
03072,3,6,8,11,19,27,11,2003-10-30,500.com
03073,2,12,14,21,23,30,13,2003-11-02,500.com
03074,2,12,19,22,27,32,1,2003-11-06,500.com
03075,16,17,19,22,31,33,11,2003-11-09,500.com
03076,1,13,16,18,20,29,2,2003-11-13,500.com
03077,4,12,16,22,24,25,6,2003-11-16,500.com
03078,7,12,23,26,29,30,11,2003-11-20,500.com
03079,12,15,22,23,26,31,4,2003-11-23,500.com
03080,9,20,24,25,28,30,10,2003-11-27,500.com
03081,1,2,14,26,29,30,7,2003-11-30,500.com
03082,7,17,18,19,30,31,14,2003-12-04,500.com
03083,1,3,14,18,26,28,1,2003-12-07,500.com
03084,2,6,7,10,17,33,3,2003-12-11,500.com
03085,1,4,11,12,19,27,14,2003-12-14,500.com
03086,5,12,16,18,26,30,13,2003-12-18,500.com
03087,2,3,4,5,24,28,13,2003-12-21,500.com
03088,3,10,21,22,24,33,12,2003-12-25,500.com
03089,18,19,21,26,27,33,16,2003-12-28,500.com
04001,1,2,3,7,10,25,7,2004-01-01,500.com
04002,10,12,18,22,30,31,11,2004-01-04,500.com
04003,3,5,6,17,26,33,8,2004-01-08,500.com
04004,10,19,22,23,25,29,9,2004-01-11,500.com
04005,9,11,13,16,17,18,7,2004-01-15,500.com
04006,4,12,18,20,23,32,6,2004-01-18,500.com
04007,4,12,17,20,25,28,9,2004-01-29,500.com
04008,1,7,10,22,32,33,13,2004-02-01,500.com
04009,1,9,10,16,22,24,11,2004-02-05,500.com
04010,6,7,8,13,14,19,15,2004-02-08,500.com
04011,1,4,13,23,28,30,3,2004-02-12,500.com
04012,1,7,27,30,31,33,8,2004-02-15,500.com
04013,12,14,21,29,30,32,13,2004-02-19,500.com
04014,3,7,11,17,20,26,12,2004-02-22,500.com
04015,1,3,5,18,22,23,13,2004-02-26,500.com
04016,4,7,8,28,30,32,5,2004-02-29,500.com
04017,5,12,14,15,25,31,9,2004-03-04,500.com
04018,2,5,6,8,28,30,6,2004-03-07,500.com
04019,5,10,11,23,24,32,4,2004-03-11,500.com
04020,1,2,9,22,28,31,4,2004-03-14,500.com
04021,5,9,11,17,26,27,10,2004-03-18,500.com
04022,3,10,14,19,20,30,6,2004-03-21,500.com
04023,1,8,14,17,19,30,3,2004-03-25,500.com
04024,1,13,21,23,25,32,6,2004-03-28,500.com
04025,7,8,10,24,29,33,4,2004-04-01,500.com
04026,4,10,14,18,28,32,15,2004-04-04,500.com
04027,1,5,9,10,18,32,11,2004-04-08,500.com
04028,1,2,3,5,10,22,12,2004-04-11,500.com
04029,9,13,20,22,24,32,5,2004-04-15,500.com
04030,1,7,9,17,26,31,5,2004-04-18,500.com
04031,3,6,19,20,21,24,11,2004-04-22,500.com
04032,2,5,8,11,15,31,13,2004-04-25,500.com
04033,1,4,8,9,19,20,1,2004-04-29,500.com
04034,2,7,13,20,27,30,14,2004-05-02,500.com
04035,2,8,26,27,30,32,16,2004-05-06,500.com
04036,2,13,17,18,26,30,1,2004-05-09,500.com
04037,3,4,11,17,20,26,5,2004-05-13,500.com
04038,11,16,17,25,28,29,7,2004-05-16,500.com
04039,10,16,18,25,26,29,3,2004-05-20,500.com
04040,7,17,19,20,21,29,11,2004-05-23,500.com
04041,8,10,17,22,25,29,14,2004-05-27,500.com
04042,6,10,13,17,18,21,2,2004-05-30,500.com
04043,4,9,10,21,22,24,10,2004-06-03,500.com
04044,2,6,7,12,31,32,5,2004-06-06,500.com
04045,1,12,18,26,27,28,13,2004-06-10,500.com
04046,7,15,16,22,23,32,14,2004-06-13,500.com
04047,1,7,8,11,27,31,6,2004-06-17,500.com
04048,8,9,11,16,17,29,9,2004-06-20,500.com
04049,11,12,14,16,25,29,9,2004-06-24,500.com
04050,6,7,19,21,25,29,2,2004-06-27,500.com
04051,2,3,9,10,15,29,11,2004-07-01,500.com
04052,1,12,14,15,17,29,9,2004-07-04,500.com
04053,2,3,4,9,24,25,2,2004-07-08,500.com
04054,9,11,14,16,27,28,11,2004-07-11,500.com
04055,6,8,19,25,29,32,7,2004-07-15,500.com
04056,1,20,21,25,29,30,2,2004-07-18,500.com
04057,5,21,23,25,28,32,4,2004-07-22,500.com
04058,1,8,11,12,27,31,12,2004-07-25,500.com
04059,4,7,11,19,23,26,10,2004-07-29,500.com
04060,3,5,11,24,27,28,15,2004-08-01,500.com
04061,13,16,19,20,23,33,9,2004-08-05,500.com
04062,1,12,25,27,28,29,13,2004-08-08,500.com
04063,7,10,13,16,27,28,7,2004-08-12,500.com
04064,14,15,18,20,27,31,4,2004-08-15,500.com
04065,13,14,27,29,32,33,8,2004-08-19,500.com
04066,5,13,20,23,24,25,3,2004-08-22,500.com
04067,1,6,7,13,16,32,4,2004-08-24,500.com
04068,2,8,11,13,24,31,15,2004-08-26,500.com
04069,2,11,15,20,22,29,5,2004-08-29,500.com
04070,10,12,21,22,30,33,6,2004-08-31,500.com
04071,3,8,16,17,21,29,6,2004-09-02,500.com
04072,8,15,18,28,30,33,14,2004-09-05,500.com
04073,2,7,13,16,23,28,16,2004-09-07,500.com
04074,5,6,15,19,26,29,13,2004-09-09,500.com
04075,7,18,21,26,27,28,7,2004-09-12,500.com
04076,3,5,13,17,25,31,7,2004-09-14,500.com
04077,8,9,10,14,16,26,7,2004-09-16,500.com
04078,4,5,10,21,24,26,5,2004-09-19,500.com
04079,7,13,14,17,19,30,3,2004-09-21,500.com
04080,3,8,20,23,24,26,16,2004-09-23,500.com
04081,3,5,21,24,27,32,6,2004-09-26,500.com
04082,3,20,24,27,29,30,15,2004-09-28,500.com
04083,14,16,27,28,30,33,6,2004-09-30,500.com
04084,1,4,8,11,21,25,14,2004-10-03,500.com
04085,3,8,11,29,30,32,1,2004-10-05,500.com
04086,10,13,18,19,25,27,1,2004-10-07,500.com
04087,1,3,7,8,25,26,14,2004-10-10,500.com
04088,2,10,19,22,24,32,14,2004-10-12,500.com
04089,14,17,20,25,28,30,14,2004-10-14,500.com
04090,1,18,20,24,32,33,12,2004-10-17,500.com
04091,9,13,14,21,30,33,1,2004-10-19,500.com
04092,1,4,8,13,28,31,2,2004-10-21,500.com
04093,11,14,20,27,32,33,5,2004-10-24,500.com
04094,5,9,10,13,24,25,8,2004-10-26,500.com
04095,19,22,27,28,30,32,1,2004-10-28,500.com
04096,1,4,12,16,20,30,15,2004-10-31,500.com
04097,10,19,20,26,29,31,14,2004-11-02,500.com
04098,3,12,13,25,26,31,3,2004-11-04,500.com
04099,5,10,21,22,26,33,2,2004-11-07,500.com
04100,6,8,9,14,24,33,15,2004-11-09,500.com
04101,2,9,14,19,25,26,15,2004-11-11,500.com
04102,3,9,12,15,28,32,1,2004-11-14,500.com
04103,2,3,5,9,16,21,2,2004-11-16,500.com
04104,7,11,17,18,24,29,5,2004-11-18,500.com
04105,7,9,10,21,23,30,12,2004-11-21,500.com
04106,10,15,23,26,28,29,12,2004-11-23,500.com
04107,1,8,12,13,18,20,7,2004-11-25,500.com
04108,8,13,14,27,28,31,12,2004-11-28,500.com
04109,6,8,10,17,30,31,14,2004-11-30,500.com
04110,14,19,20,21,22,31,11,2004-12-02,500.com
04111,11,16,18,20,26,31,2,2004-12-05,500.com
04112,9,13,15,21,26,33,6,2004-12-07,500.com
04113,8,10,23,25,31,32,7,2004-12-10,500.com
04114,1,6,9,17,21,22,1,2004-12-13,500.com
04115,2,16,20,30,31,33,1,2004-12-14,500.com
04116,1,3,5,8,14,33,3,2004-12-16,500.com
04117,1,3,7,14,24,25,7,2004-12-19,500.com
04118,3,4,7,12,30,31,15,2004-12-21,500.com
04119,6,9,18,20,25,33,6,2004-12-23,500.com
04120,7,8,18,21,27,32,10,2004-12-26,500.com
04121,7,13,16,18,30,32,10,2004-12-28,500.com
04122,3,11,14,22,24,31,15,2004-12-30,500.com
05001,1,7,8,23,27,28,14,2005-01-02,500.com
05002,6,9,20,26,28,33,14,2005-01-04,500.com
05003,9,12,15,19,22,31,16,2005-01-06,500.com
05004,1,4,8,9,22,23,3,2005-01-09,500.com
05005,5,9,20,26,28,33,15,2005-01-11,500.com
05006,2,4,5,15,21,31,16,2005-01-13,500.com
05007,7,15,17,20,23,33,15,2005-01-16,500.com
05008,11,19,22,27,32,33,11,2005-01-18,500.com
05009,2,17,22,27,29,31,14,2005-01-20,500.com
05010,8,10,11,18,25,26,1,2005-01-23,500.com
05011,9,11,13,15,22,30,15,2005-01-25,500.com
05012,2,3,6,16,22,31,5,2005-01-27,500.com
05013,7,8,16,19,20,24,6,2005-01-30,500.com
05014,13,19,21,23,30,32,5,2005-02-01,500.com
05015,4,8,9,16,17,29,15,2005-02-03,500.com
05016,1,5,6,12,16,30,15,2005-02-06,500.com
05017,2,6,10,25,27,31,3,2005-02-16,500.com
05018,1,3,6,22,23,25,6,2005-02-17,500.com
05019,6,11,12,13,19,22,8,2005-02-20,500.com
05020,14,16,19,20,25,29,5,2005-02-22,500.com
05021,2,6,24,26,30,31,16,2005-02-24,500.com
05022,8,10,12,21,32,33,4,2005-02-27,500.com
05023,10,15,19,20,21,25,12,2005-03-01,500.com
05024,5,9,14,27,31,32,13,2005-03-03,500.com
05025,1,7,10,11,13,32,7,2005-03-06,500.com
05026,6,12,14,20,25,26,7,2005-03-08,500.com
05027,1,3,4,6,21,32,15,2005-03-10,500.com
05028,4,9,22,25,26,32,10,2005-03-13,500.com
05029,2,14,21,22,27,30,14,2005-03-15,500.com
05030,1,5,9,14,22,28,5,2005-03-17,500.com
05031,4,10,16,20,23,32,7,2005-03-20,500.com
05032,5,15,19,20,25,29,3,2005-03-22,500.com
05033,7,8,12,14,19,20,7,2005-03-24,500.com
05034,5,17,18,25,28,32,9,2005-03-27,500.com
05035,12,16,21,28,29,30,14,2005-03-29,500.com
05036,12,19,20,21,26,31,15,2005-03-31,500.com
05037,7,12,14,22,24,32,16,2005-04-03,500.com
05038,4,7,11,20,27,28,16,2005-04-05,500.com
05039,2,16,18,19,21,29,9,2005-04-07,500.com
05040,1,12,21,24,30,32,13,2005-04-10,500.com
05041,2,11,16,23,24,29,3,2005-04-12,500.com
05042,11,16,21,26,27,30,15,2005-04-14,500.com
05043,4,5,6,7,8,32,5,2005-04-17,500.com
05044,1,6,16,17,18,22,9,2005-04-19,500.com
05045,1,7,10,15,18,20,10,2005-04-21,500.com
05046,9,16,18,20,22,24,5,2005-04-24,500.com
05047,2,3,5,7,8,27,15,2005-04-26,500.com
05048,6,7,8,10,16,28,2,2005-04-28,500.com
05049,2,3,8,10,25,27,12,2005-05-01,500.com
05050,2,9,12,20,26,32,13,2005-05-03,500.com
05051,3,6,14,19,20,21,2,2005-05-05,500.com
05052,1,2,14,17,30,32,1,2005-05-08,500.com
05053,4,7,10,14,27,29,9,2005-05-10,500.com
05054,5,13,17,18,21,29,14,2005-05-12,500.com
05055,5,20,22,30,32,33,9,2005-05-15,500.com
05056,12,17,19,27,29,31,9,2005-05-17,500.com
05057,5,6,10,15,30,31,13,2005-05-19,500.com
05058,4,6,10,21,25,26,10,2005-05-22,500.com
05059,7,11,14,18,24,29,7,2005-05-24,500.com
05060,9,12,21,25,31,33,13,2005-05-26,500.com
05061,5,9,14,21,23,24,1,2005-05-29,500.com
05062,2,7,11,12,20,23,7,2005-05-31,500.com
05063,2,11,13,18,22,30,4,2005-06-02,500.com
05064,10,18,23,27,30,32,8,2005-06-05,500.com
05065,12,16,17,21,22,23,16,2005-06-07,500.com
05066,2,4,10,11,25,28,5,2005-06-09,500.com
05067,3,12,16,20,21,26,16,2005-06-12,500.com
05068,1,8,10,13,25,33,13,2005-06-14,500.com
05069,7,9,21,24,31,33,12,2005-06-16,500.com
05070,3,4,8,14,16,26,4,2005-06-19,500.com
05071,4,8,12,14,16,22,10,2005-06-21,500.com
05072,6,10,19,20,24,33,11,2005-06-23,500.com
05073,1,6,8,9,18,20,1,2005-06-26,500.com
05074,6,9,18,20,26,29,9,2005-06-28,500.com
05075,11,13,14,16,18,31,14,2005-06-30,500.com
05076,4,9,11,22,25,28,13,2005-07-03,500.com
05077,8,17,22,24,32,33,16,2005-07-05,500.com
05078,3,11,15,20,26,32,11,2005-07-07,500.com
05079,3,9,20,24,25,28,5,2005-07-10,500.com
05080,1,12,14,26,27,32,16,2005-07-12,500.com
05081,2,4,10,12,26,30,3,2005-07-14,500.com
05082,1,7,11,14,19,20,12,2005-07-17,500.com
05083,3,5,9,14,16,30,13,2005-07-19,500.com
05084,1,2,7,15,19,20,3,2005-07-21,500.com
05085,8,9,13,14,20,22,12,2005-07-24,500.com
05086,7,11,12,24,27,29,12,2005-07-26,500.com
05087,8,9,15,16,23,26,8,2005-07-28,500.com
05088,1,3,7,18,20,24,7,2005-07-31,500.com
05089,5,19,20,23,26,31,12,2005-08-02,500.com
05090,1,9,21,25,29,32,3,2005-08-04,500.com
05091,1,11,12,15,26,27,13,2005-08-07,500.com
05092,8,13,19,26,28,31,10,2005-08-09,500.com
05093,4,6,17,23,25,29,14,2005-08-11,500.com
05094,3,5,9,23,27,33,3,2005-08-14,500.com
05095,9,12,18,21,28,29,5,2005-08-16,500.com
05096,4,5,17,18,26,33,4,2005-08-18,500.com
05097,5,10,23,27,28,30,15,2005-08-21,500.com
05098,12,15,19,22,31,33,1,2005-08-23,500.com
05099,10,13,16,22,24,31,9,2005-08-25,500.com
05100,2,4,9,14,16,31,3,2005-08-28,500.com
05101,9,16,19,21,22,24,12,2005-08-30,500.com
05102,2,5,6,14,24,31,12,2005-09-01,500.com
05103,4,7,16,18,23,30,7,2005-09-04,500.com
05104,2,4,21,23,30,33,9,2005-09-06,500.com
05105,4,15,23,30,32,33,3,2005-09-08,500.com
05106,1,11,13,24,26,31,13,2005-09-11,500.com
05107,9,10,20,24,25,26,11,2005-09-13,500.com
05108,3,10,12,24,29,30,6,2005-09-15,500.com
05109,3,5,13,15,17,31,4,2005-09-18,500.com
05110,7,10,16,19,24,25,9,2005-09-20,500.com
05111,3,7,15,16,19,29,9,2005-09-22,500.com
05112,4,12,22,28,29,30,16,2005-09-25,500.com
05113,15,18,20,22,26,27,3,2005-09-27,500.com
05114,6,7,10,15,21,27,6,2005-09-29,500.com
05115,3,12,18,23,30,33,2,2005-10-02,500.com
05116,4,6,8,14,15,30,10,2005-10-04,500.com
05117,6,17,22,27,28,32,3,2005-10-06,500.com
05118,4,9,12,15,26,31,16,2005-10-09,500.com
05119,1,7,11,18,20,22,2,2005-10-11,500.com
05120,1,6,13,18,30,32,14,2005-10-13,500.com
05121,1,7,20,25,31,32,12,2005-10-16,500.com
05122,1,4,7,14,30,32,9,2005-10-18,500.com
05123,11,12,13,17,18,25,7,2005-10-20,500.com
05124,5,6,10,19,31,33,11,2005-10-23,500.com
05125,6,14,18,28,31,32,3,2005-10-25,500.com
05126,2,8,13,19,25,26,9,2005-10-27,500.com
05127,4,6,11,14,23,25,12,2005-10-30,500.com
05128,2,4,14,23,29,33,15,2005-11-01,500.com
05129,5,10,14,20,27,33,3,2005-11-03,500.com
05130,3,5,9,15,20,25,16,2005-11-06,500.com
05131,2,7,10,11,12,24,3,2005-11-08,500.com
05132,2,4,10,18,27,29,15,2005-11-10,500.com
05133,1,7,14,16,18,25,11,2005-11-13,500.com
05134,4,13,14,18,26,30,1,2005-11-15,500.com
05135,1,5,13,15,21,25,11,2005-11-17,500.com
05136,5,14,16,18,25,27,13,2005-11-20,500.com
05137,3,9,15,23,25,33,12,2005-11-22,500.com
05138,3,5,6,11,20,22,13,2005-11-24,500.com
05139,2,7,20,23,32,33,10,2005-11-27,500.com
05140,4,6,7,8,12,17,7,2005-11-29,500.com
05141,3,5,8,12,16,19,15,2005-12-01,500.com
05142,7,10,12,17,22,29,5,2005-12-04,500.com
05143,3,10,15,17,20,32,8,2005-12-06,500.com
05144,1,8,14,15,19,27,9,2005-12-08,500.com
05145,3,7,8,17,20,28,15,2005-12-11,500.com
05146,7,11,19,20,24,28,2,2005-12-13,500.com
05147,6,7,15,27,28,30,10,2005-12-15,500.com
05148,3,15,17,23,24,29,13,2005-12-18,500.com
05149,11,16,21,23,25,32,7,2005-12-20,500.com
05150,3,7,10,14,18,20,2,2005-12-22,500.com
05151,4,11,12,13,19,30,5,2005-12-25,500.com
05152,1,5,12,14,21,27,3,2005-12-27,500.com
05153,4,5,7,21,26,29,1,2005-12-29,500.com
06001,1,12,15,19,21,28,3,2006-01-01,500.com
06002,7,13,16,21,26,28,9,2006-01-03,500.com
06003,2,4,5,6,16,20,12,2006-01-05,500.com
06004,4,8,17,27,28,31,7,2006-01-08,500.com
06005,3,19,20,24,26,27,11,2006-01-10,500.com
06006,8,21,22,23,26,32,14,2006-01-12,500.com
06007,4,16,18,27,32,33,7,2006-01-15,500.com
06008,3,5,9,18,28,32,16,2006-01-17,500.com
06009,5,6,8,20,26,30,6,2006-01-19,500.com
06010,4,6,12,19,27,29,8,2006-01-22,500.com
06011,5,7,8,14,27,31,11,2006-01-24,500.com
06012,9,11,13,27,31,33,10,2006-01-26,500.com
06013,1,5,6,12,16,21,11,2006-02-05,500.com
06014,6,14,26,29,32,33,7,2006-02-07,500.com
06015,2,3,9,15,29,32,3,2006-02-09,500.com
06016,1,7,13,17,23,30,16,2006-02-12,500.com
06017,3,4,8,31,32,33,2,2006-02-14,500.com
06018,1,13,14,17,24,26,5,2006-02-16,500.com
06019,4,6,13,22,26,32,7,2006-02-19,500.com
06020,5,9,21,23,26,29,6,2006-02-21,500.com
06021,1,2,5,20,21,22,9,2006-02-23,500.com
06022,2,3,4,13,16,27,13,2006-02-26,500.com
06023,4,13,14,19,23,28,8,2006-02-28,500.com
06024,2,7,9,11,21,27,6,2006-03-02,500.com
06025,3,4,17,19,24,32,5,2006-03-05,500.com
06026,1,2,18,22,29,32,3,2006-03-07,500.com
06027,6,8,11,14,16,27,15,2006-03-09,500.com
06028,5,7,14,16,17,27,4,2006-03-12,500.com
06029,3,4,7,9,14,19,8,2006-03-14,500.com
06030,8,13,15,17,20,32,14,2006-03-16,500.com
06031,3,10,12,16,31,32,14,2006-03-19,500.com
06032,5,18,20,24,26,31,9,2006-03-21,500.com
06033,15,20,22,23,27,31,6,2006-03-23,500.com
06034,2,10,15,16,17,33,13,2006-03-26,500.com
06035,3,9,13,21,27,29,13,2006-03-28,500.com
06036,4,7,10,16,17,21,9,2006-03-30,500.com
06037,2,12,23,24,25,32,14,2006-04-02,500.com
06038,2,14,17,19,22,30,10,2006-04-04,500.com
06039,16,19,22,28,31,32,3,2006-04-06,500.com
06040,15,22,25,26,28,33,3,2006-04-09,500.com
06041,3,10,16,18,21,28,4,2006-04-11,500.com
06042,3,16,23,26,28,31,11,2006-04-13,500.com
06043,5,12,13,16,23,32,3,2006-04-16,500.com
06044,2,10,18,21,30,31,5,2006-04-18,500.com
06045,6,7,10,14,20,21,4,2006-04-20,500.com
06046,13,18,23,29,31,32,8,2006-04-23,500.com
06047,2,17,20,22,28,32,3,2006-04-25,500.com
06048,9,13,19,25,29,32,12,2006-04-27,500.com
06049,6,10,12,13,17,20,3,2006-04-30,500.com
06050,2,6,12,15,25,31,7,2006-05-02,500.com
06051,2,6,7,17,27,30,16,2006-05-04,500.com
06052,11,24,26,27,30,32,3,2006-05-07,500.com
06053,1,11,17,27,28,31,2,2006-05-09,500.com
06054,3,5,7,10,28,30,4,2006-05-11,500.com
06055,4,5,28,29,31,33,11,2006-05-14,500.com
06056,11,13,15,21,23,25,8,2006-05-16,500.com
06057,3,4,17,18,21,31,8,2006-05-18,500.com
06058,1,12,22,23,24,25,14,2006-05-21,500.com
06059,5,10,15,17,27,29,11,2006-05-23,500.com
06060,5,15,19,23,30,32,14,2006-05-25,500.com
06061,5,13,17,19,25,30,11,2006-05-28,500.com
06062,18,22,23,24,26,30,1,2006-05-30,500.com
06063,4,5,15,21,23,24,8,2006-06-01,500.com
06064,3,12,14,21,24,28,11,2006-06-04,500.com
06065,4,8,17,28,29,30,13,2006-06-06,500.com
06066,6,8,11,18,30,33,5,2006-06-08,500.com
06067,7,8,11,16,17,24,13,2006-06-11,500.com
06068,3,7,10,14,30,33,10,2006-06-13,500.com
06069,5,16,20,22,29,30,8,2006-06-15,500.com
06070,2,3,11,13,20,27,2,2006-06-18,500.com
06071,5,11,12,19,29,31,1,2006-06-20,500.com
06072,2,3,5,20,21,24,8,2006-06-22,500.com
06073,5,13,16,18,27,29,12,2006-06-25,500.com
06074,1,3,15,19,25,33,4,2006-06-27,500.com
06075,10,21,22,23,25,33,11,2006-06-29,500.com
06076,4,10,17,21,29,32,14,2006-07-02,500.com
06077,8,9,12,13,19,33,9,2006-07-04,500.com
06078,3,5,17,22,31,33,12,2006-07-06,500.com
06079,6,11,13,17,20,32,8,2006-07-09,500.com
06080,15,17,20,22,26,29,9,2006-07-11,500.com
06081,14,16,18,21,22,32,4,2006-07-13,500.com
06082,3,13,15,23,28,29,9,2006-07-16,500.com
06083,7,9,18,19,26,29,10,2006-07-18,500.com
06084,1,12,17,21,25,28,12,2006-07-21,500.com
06085,2,6,18,21,24,25,8,2006-07-23,500.com
06086,4,6,10,24,26,31,6,2006-07-25,500.com
06087,4,5,8,9,12,30,5,2006-07-27,500.com
06088,3,11,20,24,25,26,1,2006-07-30,500.com
06089,1,13,16,18,19,22,1,2006-08-01,500.com
06090,2,11,15,20,23,29,11,2006-08-03,500.com
06091,7,8,12,21,22,24,7,2006-08-06,500.com
06092,2,8,11,16,20,21,14,2006-08-08,500.com
06093,2,12,16,18,19,23,5,2006-08-10,500.com
06094,15,16,17,18,24,33,13,2006-08-13,500.com
06095,1,3,17,20,21,29,16,2006-08-15,500.com
06096,1,5,9,13,18,33,14,2006-08-17,500.com
06097,11,14,15,20,26,27,12,2006-08-20,500.com
06098,6,7,10,11,18,23,16,2006-08-22,500.com
06099,9,12,18,23,24,27,5,2006-08-24,500.com
06100,1,11,18,26,30,32,3,2006-08-27,500.com
06101,9,12,20,26,27,28,16,2006-08-29,500.com
06102,1,4,13,19,20,24,11,2006-08-31,500.com
06103,12,14,15,25,28,31,6,2006-09-03,500.com
06104,3,7,22,27,28,31,11,2006-09-05,500.com
06105,5,12,14,15,20,31,1,2006-09-07,500.com
06106,2,12,14,19,28,33,10,2006-09-10,500.com
06107,1,6,8,13,17,30,7,2006-09-12,500.com
06108,2,6,8,20,24,30,9,2006-09-14,500.com
06109,1,5,17,18,23,26,13,2006-09-17,500.com
06110,9,12,14,18,27,33,13,2006-09-19,500.com
06111,1,8,11,16,17,22,15,2006-09-21,500.com
06112,4,9,13,15,31,33,11,2006-09-24,500.com
06113,5,14,17,18,28,33,2,2006-09-26,500.com
06114,8,10,14,20,27,29,16,2006-09-28,500.com
06115,1,10,20,26,28,29,15,2006-10-01,500.com
06116,5,16,21,22,32,33,9,2006-10-03,500.com
06117,6,14,20,22,23,26,9,2006-10-05,500.com
06118,1,3,7,8,10,30,5,2006-10-08,500.com
06119,1,2,14,20,27,30,2,2006-10-10,500.com
06120,6,8,14,15,24,33,9,2006-10-12,500.com
06121,3,4,6,27,31,33,6,2006-10-15,500.com
06122,4,5,6,8,22,24,3,2006-10-17,500.com
06123,2,3,20,25,28,32,6,2006-10-19,500.com
06124,12,13,14,18,31,32,13,2006-10-22,500.com
06125,15,19,23,30,32,33,6,2006-10-24,500.com
06126,2,8,13,16,24,33,9,2006-10-26,500.com
06127,3,4,11,17,19,30,1,2006-10-29,500.com
06128,4,15,21,30,31,33,5,2006-10-31,500.com
06129,9,14,18,22,27,29,12,2006-11-02,500.com
06130,1,12,21,22,30,32,2,2006-11-05,500.com
06131,3,4,9,22,26,33,1,2006-11-07,500.com
06132,6,14,22,26,30,33,1,2006-11-09,500.com
06133,4,6,20,25,29,31,3,2006-11-12,500.com
06134,10,13,18,26,28,30,12,2006-11-14,500.com
06135,4,19,21,22,23,31,4,2006-11-16,500.com
06136,11,15,17,21,22,24,5,2006-11-19,500.com
06137,10,14,17,21,27,31,9,2006-11-21,500.com
06138,4,9,11,17,18,26,8,2006-11-23,500.com
06139,7,8,14,21,23,25,5,2006-11-26,500.com
06140,1,8,11,18,19,23,5,2006-11-28,500.com
06141,16,18,22,23,25,31,11,2006-11-30,500.com
06142,10,16,19,22,26,27,16,2006-12-03,500.com
06143,1,15,20,29,31,32,8,2006-12-05,500.com
06144,4,10,13,16,22,29,6,2006-12-07,500.com
06145,2,7,23,26,28,31,7,2006-12-10,500.com
06146,3,9,13,23,28,30,5,2006-12-12,500.com
06147,1,4,15,17,27,31,1,2006-12-14,500.com
06148,4,8,12,13,23,29,1,2006-12-17,500.com
06149,2,3,5,11,15,32,15,2006-12-19,500.com
06150,8,9,12,18,25,27,12,2006-12-21,500.com
06151,1,3,4,6,16,22,8,2006-12-24,500.com
06152,1,14,20,25,27,31,15,2006-12-26,500.com
06153,1,7,11,20,30,33,10,2006-12-28,500.com
06154,7,14,18,20,30,33,13,2006-12-31,500.com
07001,2,4,9,10,20,26,14,2007-01-02,500.com
07002,5,6,14,20,21,22,1,2007-01-04,500.com
07003,5,9,11,12,22,27,15,2007-01-07,500.com
07004,3,7,10,13,25,33,10,2007-01-09,500.com
07005,1,5,6,16,24,30,12,2007-01-11,500.com
07006,6,10,14,22,26,27,11,2007-01-14,500.com
07007,4,12,15,17,22,32,14,2007-01-16,500.com
07008,1,4,5,18,19,25,10,2007-01-18,500.com
07009,2,4,14,15,25,27,15,2007-01-21,500.com
07010,3,8,14,17,30,32,5,2007-01-23,500.com
07011,3,10,15,25,28,33,16,2007-01-25,500.com
07012,3,5,7,21,26,28,4,2007-01-28,500.com
07013,5,15,18,27,29,32,5,2007-01-30,500.com
07014,1,13,16,20,24,26,9,2007-02-01,500.com
07015,3,4,8,18,22,30,15,2007-02-04,500.com
07016,1,18,20,22,26,33,5,2007-02-06,500.com
07017,5,9,10,24,25,32,14,2007-02-08,500.com
07018,1,12,18,20,21,26,11,2007-02-11,500.com
07019,4,11,16,23,29,31,14,2007-02-13,500.com
07020,5,10,16,20,28,31,14,2007-02-15,500.com
07021,3,6,9,11,25,31,13,2007-02-25,500.com
07022,2,4,7,10,18,27,10,2007-02-27,500.com
07023,3,7,13,17,32,33,2,2007-03-01,500.com
07024,8,9,17,25,27,32,6,2007-03-04,500.com
07025,3,16,18,22,23,26,3,2007-03-06,500.com
07026,1,4,14,16,26,29,10,2007-03-08,500.com
07027,2,3,9,22,24,27,11,2007-03-11,500.com
07028,3,8,13,20,29,30,11,2007-03-13,500.com
07029,6,8,9,11,19,21,10,2007-03-15,500.com
07030,3,16,21,22,27,30,4,2007-03-18,500.com
07031,4,6,10,12,19,31,1,2007-03-20,500.com
07032,4,8,16,24,30,32,16,2007-03-22,500.com
07033,3,4,11,17,18,28,9,2007-03-25,500.com
07034,2,9,12,14,23,25,16,2007-03-27,500.com
07035,1,4,8,12,29,31,6,2007-03-29,500.com
07036,3,14,21,23,30,31,10,2007-04-01,500.com
07037,10,11,16,23,31,33,16,2007-04-03,500.com
07038,3,11,14,19,21,30,5,2007-04-05,500.com
07039,6,7,19,24,27,29,1,2007-04-08,500.com
07040,13,14,15,19,24,30,10,2007-04-10,500.com
07041,1,3,9,11,26,31,12,2007-04-12,500.com
07042,3,13,16,19,32,33,8,2007-04-15,500.com
07043,3,8,10,11,14,30,5,2007-04-17,500.com
07044,9,13,20,21,24,32,8,2007-04-19,500.com
07045,1,12,18,21,28,30,10,2007-04-22,500.com
07046,2,6,7,9,19,26,14,2007-04-24,500.com
07047,2,4,16,18,23,30,6,2007-04-26,500.com
07048,2,11,12,15,17,28,12,2007-04-29,500.com
07049,4,14,18,19,31,33,2,2007-05-01,500.com
07050,1,5,8,13,18,25,2,2007-05-03,500.com
07051,3,14,16,26,27,33,13,2007-05-06,500.com
07052,2,3,7,8,26,29,7,2007-05-08,500.com
07053,10,13,16,17,18,27,11,2007-05-10,500.com
07054,1,3,16,18,23,28,5,2007-05-13,500.com
07055,2,6,11,22,28,29,2,2007-05-15,500.com
07056,14,17,21,29,31,32,12,2007-05-17,500.com
07057,5,11,18,19,20,21,9,2007-05-20,500.com
07058,7,8,10,13,25,27,7,2007-05-22,500.com
07059,1,3,4,6,7,29,14,2007-05-24,500.com
07060,1,2,8,16,19,29,5,2007-05-27,500.com
07061,1,6,7,11,20,23,5,2007-05-29,500.com
07062,8,17,20,29,30,33,9,2007-05-31,500.com
07063,10,15,17,24,26,28,12,2007-06-03,500.com
07064,2,6,9,16,21,23,16,2007-06-05,500.com
07065,4,7,19,21,25,31,7,2007-06-07,500.com
07066,5,11,16,24,32,33,8,2007-06-10,500.com
07067,6,11,13,17,21,23,11,2007-06-12,500.com
07068,11,18,19,22,23,28,1,2007-06-14,500.com
07069,3,4,11,12,14,32,12,2007-06-17,500.com
07070,6,8,15,17,18,30,12,2007-06-19,500.com
07071,1,6,14,21,30,31,9,2007-06-21,500.com
07072,2,4,8,13,14,33,16,2007-06-24,500.com
07073,5,9,11,19,28,31,2,2007-06-26,500.com
07074,8,13,15,25,27,28,3,2007-06-28,500.com
07075,13,16,17,22,30,32,3,2007-07-01,500.com
07076,6,12,15,16,20,31,2,2007-07-03,500.com
07077,6,8,14,21,28,29,2,2007-07-05,500.com
07078,4,6,7,23,25,32,1,2007-07-08,500.com
07079,3,4,14,20,21,25,14,2007-07-10,500.com
07080,1,8,16,18,19,29,4,2007-07-12,500.com
07081,9,14,15,19,24,33,13,2007-07-15,500.com
07082,5,15,17,18,25,32,15,2007-07-17,500.com
07083,11,14,18,20,21,26,5,2007-07-19,500.com
07084,6,10,12,14,20,27,10,2007-07-22,500.com
07085,2,12,17,19,29,30,12,2007-07-24,500.com
07086,5,8,14,22,27,29,16,2007-07-26,500.com
07087,1,3,4,5,8,21,9,2007-07-29,500.com
07088,2,4,10,28,29,33,6,2007-07-31,500.com
07089,3,7,8,15,19,28,3,2007-08-02,500.com
07090,5,11,13,27,30,31,2,2007-08-05,500.com
07091,2,11,17,30,31,32,7,2007-08-07,500.com
07092,14,18,22,23,24,33,9,2007-08-09,500.com
07093,5,10,13,15,19,29,2,2007-08-12,500.com
07094,3,5,18,19,24,32,2,2007-08-14,500.com
07095,1,6,8,18,29,32,7,2007-08-16,500.com
07096,9,10,20,22,30,32,8,2007-08-19,500.com
07097,4,8,13,18,26,30,11,2007-08-21,500.com
07098,2,3,5,11,19,20,12,2007-08-23,500.com
07099,3,4,14,27,31,33,5,2007-08-26,500.com
07100,8,18,27,29,30,32,6,2007-08-28,500.com
07101,15,16,18,21,22,30,14,2007-08-30,500.com
07102,4,6,8,18,20,33,11,2007-09-02,500.com
07103,7,9,25,27,30,32,1,2007-09-04,500.com
07104,2,8,12,14,20,32,4,2007-09-06,500.com
07105,2,7,10,17,23,29,14,2007-09-09,500.com
07106,12,18,21,24,25,29,8,2007-09-11,500.com
07107,2,8,9,18,24,28,10,2007-09-13,500.com
07108,3,7,12,13,20,33,2,2007-09-16,500.com
07109,1,4,7,8,13,14,4,2007-09-18,500.com
07110,2,4,7,15,24,28,3,2007-09-20,500.com
07111,2,9,10,12,13,17,11,2007-09-23,500.com
07112,7,11,14,16,25,32,11,2007-09-25,500.com
07113,4,18,23,25,26,31,10,2007-09-27,500.com
07114,5,12,15,24,27,33,5,2007-09-30,500.com
07115,1,5,10,16,20,26,2,2007-10-02,500.com
07116,3,5,7,11,17,27,13,2007-10-04,500.com
07117,3,7,9,10,26,32,1,2007-10-07,500.com
07118,4,10,16,18,25,32,15,2007-10-09,500.com
07119,3,8,11,13,25,31,12,2007-10-11,500.com
07120,6,7,11,12,18,25,1,2007-10-14,500.com
07121,3,10,21,22,27,28,6,2007-10-16,500.com
07122,4,7,19,24,26,32,9,2007-10-18,500.com
07123,1,13,15,23,28,32,2,2007-10-21,500.com
07124,3,7,13,16,19,32,16,2007-10-23,500.com
07125,3,5,18,20,27,33,1,2007-10-25,500.com
07126,9,10,19,23,26,31,9,2007-10-28,500.com
07127,6,9,13,16,24,28,11,2007-10-30,500.com
07128,9,10,19,21,27,31,5,2007-11-01,500.com
07129,5,7,20,21,22,30,8,2007-11-04,500.com
07130,3,5,9,11,27,31,4,2007-11-06,500.com
07131,3,5,7,16,22,27,5,2007-11-08,500.com
07132,1,9,16,21,22,23,5,2007-11-11,500.com
07133,3,6,7,11,13,33,10,2007-11-13,500.com
07134,1,4,10,13,18,25,15,2007-11-15,500.com
07135,1,11,16,26,31,33,16,2007-11-18,500.com
07136,1,2,18,21,25,29,14,2007-11-20,500.com
07137,3,7,8,18,20,22,3,2007-11-22,500.com
07138,2,3,15,17,19,25,16,2007-11-25,500.com
07139,6,10,12,14,16,22,6,2007-11-27,500.com
07140,1,5,16,21,22,26,11,2007-11-29,500.com
07141,2,3,4,6,17,31,8,2007-12-02,500.com
07142,11,20,25,26,27,30,8,2007-12-04,500.com
07143,1,6,22,23,24,26,4,2007-12-06,500.com
07144,8,14,23,25,28,32,16,2007-12-09,500.com
07145,8,9,11,12,25,31,11,2007-12-11,500.com
07146,4,18,22,24,26,30,9,2007-12-13,500.com
07147,3,7,18,24,26,27,4,2007-12-16,500.com
07148,3,9,16,17,23,28,7,2007-12-18,500.com
07149,1,17,19,22,28,30,3,2007-12-20,500.com
07150,3,5,11,13,19,24,5,2007-12-23,500.com
07151,1,6,10,11,23,25,2,2007-12-25,500.com
07152,11,17,21,29,30,33,8,2007-12-27,500.com
07153,1,4,19,20,25,31,15,2007-12-30,500.com
08001,2,4,7,9,14,29,3,2008-01-01,500.com
08002,3,4,18,22,25,29,9,2008-01-03,500.com
08003,6,8,11,13,17,19,12,2008-01-06,500.com
08004,4,8,22,23,27,29,8,2008-01-08,500.com
08005,3,5,15,22,24,25,15,2008-01-10,500.com
08006,1,14,16,18,22,27,14,2008-01-13,500.com
08007,1,13,17,22,23,30,11,2008-01-15,500.com
08008,2,15,16,23,26,27,7,2008-01-17,500.com
08009,9,21,29,30,31,32,16,2008-01-20,500.com
08010,3,8,11,17,21,27,9,2008-01-22,500.com
08011,2,14,17,21,30,32,3,2008-01-24,500.com
08012,3,4,5,16,20,30,13,2008-01-27,500.com
08013,2,8,15,16,22,28,10,2008-01-29,500.com
08014,3,9,11,17,21,31,14,2008-01-31,500.com
08015,6,8,11,16,29,33,3,2008-02-03,500.com
08016,3,12,14,21,29,33,13,2008-02-05,500.com
08017,2,5,7,17,20,22,2,2008-02-14,500.com
08018,2,5,6,23,26,33,13,2008-02-17,500.com
08019,2,9,11,17,27,31,5,2008-02-19,500.com
08020,3,10,13,15,28,30,3,2008-02-21,500.com
08021,9,12,19,20,26,28,15,2008-02-24,500.com
08022,12,18,20,24,28,32,5,2008-02-26,500.com
08023,8,16,18,25,26,32,2,2008-02-28,500.com
08024,11,20,21,26,28,30,13,2008-03-02,500.com
08025,8,16,17,18,19,21,14,2008-03-04,500.com
08026,5,17,19,27,29,32,3,2008-03-06,500.com
08027,15,18,19,23,24,26,13,2008-03-09,500.com
08028,1,13,21,26,29,32,10,2008-03-11,500.com
08029,1,9,14,22,29,32,12,2008-03-13,500.com
08030,6,15,18,19,20,28,11,2008-03-16,500.com
08031,3,6,11,15,21,31,13,2008-03-18,500.com
08032,5,14,16,21,23,28,13,2008-03-20,500.com
08033,12,17,18,30,31,33,4,2008-03-23,500.com
08034,3,5,9,11,21,29,9,2008-03-25,500.com
08035,7,11,14,17,18,29,16,2008-03-27,500.com
08036,2,6,13,18,23,28,16,2008-03-30,500.com
08037,1,12,22,24,28,31,6,2008-04-01,500.com
08038,3,9,10,11,15,19,13,2008-04-03,500.com
08039,1,7,10,13,22,29,1,2008-04-06,500.com
08040,6,13,22,25,27,28,9,2008-04-08,500.com
08041,8,11,20,22,23,27,4,2008-04-10,500.com
08042,3,4,9,11,12,24,1,2008-04-13,500.com
08043,3,10,16,22,27,33,14,2008-04-15,500.com
08044,5,7,9,20,26,29,9,2008-04-17,500.com
08045,1,10,13,21,29,32,4,2008-04-20,500.com
08046,15,16,18,24,28,33,15,2008-04-22,500.com
08047,9,12,13,14,20,22,10,2008-04-24,500.com
08048,11,18,21,27,30,32,1,2008-04-27,500.com
08049,3,10,12,13,19,25,4,2008-04-29,500.com
08050,1,11,19,24,26,27,3,2008-05-01,500.com
08051,1,4,8,10,13,33,11,2008-05-04,500.com
08052,2,10,17,23,29,31,10,2008-05-06,500.com
08053,6,12,19,20,21,27,4,2008-05-08,500.com
08054,2,6,16,17,20,25,7,2008-05-11,500.com
08055,11,16,19,23,26,31,4,2008-05-13,500.com
08056,8,13,22,23,25,30,7,2008-05-15,500.com
08057,19,20,21,26,28,30,8,2008-05-18,500.com
08058,1,12,21,27,29,31,11,2008-05-20,500.com
08059,2,6,15,29,31,32,16,2008-05-22,500.com
08060,6,7,8,17,30,32,3,2008-05-25,500.com
08061,1,2,5,12,26,31,6,2008-05-27,500.com
08062,6,8,13,17,24,27,15,2008-05-29,500.com
08063,5,9,11,14,16,17,15,2008-06-01,500.com
08064,1,2,7,9,12,18,12,2008-06-03,500.com
08065,5,13,15,19,30,31,5,2008-06-05,500.com
08066,7,12,21,22,29,30,8,2008-06-08,500.com
08067,10,11,15,19,26,33,13,2008-06-10,500.com
08068,5,7,17,23,27,29,7,2008-06-12,500.com
08069,5,8,17,20,26,30,10,2008-06-15,500.com
08070,5,6,12,15,18,33,13,2008-06-17,500.com
08071,1,6,21,26,27,28,9,2008-06-19,500.com
08072,1,5,10,18,22,30,9,2008-06-22,500.com
08073,1,9,13,22,28,33,8,2008-06-24,500.com
08074,1,11,15,19,20,24,9,2008-06-26,500.com
08075,1,8,14,18,22,30,3,2008-06-29,500.com
08076,2,5,7,11,13,18,11,2008-07-01,500.com
08077,4,12,22,26,30,33,9,2008-07-03,500.com
08078,6,13,16,26,30,33,1,2008-07-06,500.com
08079,3,4,5,10,20,32,9,2008-07-08,500.com
08080,4,14,22,25,29,32,14,2008-07-10,500.com
08081,2,12,13,18,25,31,4,2008-07-13,500.com
08082,4,8,10,12,21,26,9,2008-07-15,500.com
08083,7,8,9,18,29,32,9,2008-07-17,500.com
08084,4,7,13,20,29,30,16,2008-07-20,500.com
08085,1,4,12,20,24,29,15,2008-07-22,500.com
08086,4,5,10,26,27,30,12,2008-07-24,500.com
08087,1,7,26,29,30,31,6,2008-07-27,500.com
08088,1,6,8,16,17,23,5,2008-07-29,500.com
08089,3,6,11,16,22,27,11,2008-07-31,500.com
08090,2,7,14,18,19,24,1,2008-08-03,500.com
08091,3,12,14,23,31,32,10,2008-08-05,500.com
08092,1,3,18,27,28,30,5,2008-08-07,500.com
08093,4,10,12,16,26,28,7,2008-08-10,500.com
08094,1,4,15,16,23,28,14,2008-08-12,500.com
08095,3,8,14,21,28,29,3,2008-08-14,500.com
08096,6,8,12,24,27,31,14,2008-08-17,500.com
08097,3,6,8,9,16,17,13,2008-08-19,500.com
08098,6,7,10,11,15,30,1,2008-08-21,500.com
08099,10,15,16,22,23,24,7,2008-08-24,500.com
08100,8,14,17,21,27,28,14,2008-08-26,500.com
08101,9,17,21,26,28,30,4,2008-08-28,500.com
08102,3,7,12,21,25,32,5,2008-08-31,500.com
08103,1,12,16,18,22,33,4,2008-09-02,500.com
08104,3,6,8,17,24,31,1,2008-09-04,500.com
08105,5,17,19,27,28,32,2,2008-09-07,500.com
08106,14,19,25,27,29,30,15,2008-09-09,500.com
08107,6,13,18,22,27,32,4,2008-09-11,500.com
08108,9,10,15,17,23,30,12,2008-09-14,500.com
08109,4,7,9,16,21,28,10,2008-09-16,500.com
08110,10,16,22,23,29,31,2,2008-09-18,500.com
08111,17,18,21,25,31,32,6,2008-09-21,500.com
08112,5,13,14,19,22,23,6,2008-09-23,500.com
08113,6,9,10,12,17,22,9,2008-09-25,500.com
08114,4,9,20,24,25,31,14,2008-09-28,500.com
08115,2,12,13,14,17,18,6,2008-09-30,500.com
08116,3,7,21,22,24,29,14,2008-10-02,500.com
08117,3,5,7,10,14,33,7,2008-10-05,500.com
08118,4,9,16,27,31,33,1,2008-10-07,500.com
08119,5,7,9,15,24,29,7,2008-10-09,500.com
08120,10,11,22,24,26,33,2,2008-10-12,500.com
08121,2,22,23,27,31,32,6,2008-10-14,500.com
08122,2,8,11,14,19,26,15,2008-10-16,500.com
08123,10,11,15,16,25,29,2,2008-10-19,500.com
08124,1,7,10,13,21,22,3,2008-10-21,500.com
08125,10,11,12,15,26,29,9,2008-10-23,500.com
08126,4,11,12,14,20,30,13,2008-10-26,500.com
08127,5,8,19,22,27,30,13,2008-10-28,500.com
08128,1,5,19,20,27,33,5,2008-10-30,500.com
08129,1,3,18,24,25,32,15,2008-11-02,500.com
08130,1,12,18,28,30,32,6,2008-11-04,500.com
08131,2,12,15,18,22,32,8,2008-11-06,500.com
08132,9,13,16,25,27,33,8,2008-11-09,500.com
08133,8,11,16,19,24,26,11,2008-11-11,500.com
08134,10,15,19,20,28,32,2,2008-11-13,500.com
08135,5,14,15,16,19,21,15,2008-11-16,500.com
08136,5,9,10,12,18,28,2,2008-11-18,500.com
08137,1,4,24,28,29,33,9,2008-11-20,500.com
08138,7,14,19,23,25,32,4,2008-11-23,500.com
08139,8,9,19,23,25,26,7,2008-11-25,500.com
08140,7,14,16,29,30,31,14,2008-11-27,500.com
08141,3,13,20,25,29,33,15,2008-11-30,500.com
08142,5,6,10,13,17,28,15,2008-12-02,500.com
08143,12,17,18,19,26,27,6,2008-12-04,500.com
08144,2,5,10,27,29,33,15,2008-12-07,500.com
08145,7,13,18,22,26,29,2,2008-12-09,500.com
08146,7,8,17,19,31,32,10,2008-12-11,500.com
08147,7,8,14,22,26,33,2,2008-12-14,500.com
08148,3,5,9,22,26,28,9,2008-12-16,500.com
08149,10,14,22,28,29,33,2,2008-12-18,500.com
08150,4,19,22,24,29,32,2,2008-12-21,500.com
08151,6,8,10,14,17,19,6,2008-12-23,500.com
08152,1,4,6,22,26,30,8,2008-12-25,500.com
08153,1,4,18,21,24,30,16,2008-12-28,500.com
08154,2,5,7,21,22,26,8,2008-12-30,500.com
09001,4,21,23,24,30,31,4,2009-01-01,500.com
09002,10,14,17,25,29,33,14,2009-01-04,500.com
09003,2,3,6,15,25,30,2,2009-01-06,500.com
09004,3,11,13,17,28,31,3,2009-01-08,500.com
09005,1,3,8,15,17,21,13,2009-01-11,500.com
09006,6,12,18,20,26,33,2,2009-01-13,500.com
09007,1,5,12,23,25,26,15,2009-01-15,500.com
09008,4,15,16,22,32,33,2,2009-01-18,500.com
09009,8,15,21,30,31,33,2,2009-01-20,500.com
09010,3,10,17,19,20,24,2,2009-01-22,500.com
09011,2,4,13,14,18,23,15,2009-02-01,500.com
09012,5,11,14,17,18,28,1,2009-02-03,500.com
09013,4,8,9,21,26,27,9,2009-02-05,500.com
09014,3,6,9,14,15,18,2,2009-02-08,500.com
09015,2,4,6,15,17,32,5,2009-02-10,500.com
09016,2,7,13,16,20,33,3,2009-02-12,500.com
09017,6,14,15,19,25,26,8,2009-02-15,500.com
09018,2,5,6,19,27,30,15,2009-02-17,500.com
09019,6,17,19,20,26,27,4,2009-02-19,500.com
09020,3,5,7,10,19,23,13,2009-02-22,500.com
09021,1,4,5,17,24,27,9,2009-02-24,500.com
09022,5,8,9,10,11,18,8,2009-02-26,500.com
09023,1,6,7,15,24,30,8,2009-03-01,500.com
09024,1,3,17,23,30,33,12,2009-03-03,500.com
09025,10,20,22,23,26,33,11,2009-03-05,500.com
09026,11,15,17,18,20,30,16,2009-03-08,500.com
09027,2,7,11,16,27,32,6,2009-03-10,500.com
09028,3,6,12,15,23,26,10,2009-03-12,500.com
09029,12,13,15,22,23,29,13,2009-03-15,500.com
09030,8,14,24,26,28,32,7,2009-03-17,500.com
09031,1,2,3,15,30,33,1,2009-03-19,500.com
09032,9,11,12,19,27,32,6,2009-03-22,500.com
09033,7,8,13,14,29,30,6,2009-03-24,500.com
09034,9,12,18,21,22,26,7,2009-03-26,500.com
09035,6,15,21,26,29,31,5,2009-03-29,500.com
09036,6,9,18,23,32,33,7,2009-03-31,500.com
09037,2,6,15,18,20,31,3,2009-04-02,500.com
09038,12,13,15,23,28,32,5,2009-04-05,500.com
09039,5,12,14,15,21,27,3,2009-04-07,500.com
09040,4,7,10,20,26,30,12,2009-04-09,500.com
09041,1,8,23,26,28,33,8,2009-04-12,500.com
09042,8,16,22,23,27,30,11,2009-04-14,500.com
09043,4,9,10,15,18,26,7,2009-04-16,500.com
09044,11,14,16,18,26,30,1,2009-04-19,500.com
09045,3,4,6,23,30,32,1,2009-04-21,500.com
09046,16,20,21,26,29,30,9,2009-04-23,500.com
09047,6,8,11,15,21,22,16,2009-04-26,500.com
09048,3,7,11,15,17,31,1,2009-04-28,500.com
09049,9,12,14,20,30,31,6,2009-04-30,500.com
09050,13,21,24,29,30,32,4,2009-05-03,500.com
09051,6,10,13,16,21,23,7,2009-05-05,500.com
09052,9,11,15,19,21,30,8,2009-05-07,500.com
09053,7,12,18,19,22,28,4,2009-05-10,500.com
09054,16,17,23,26,31,32,11,2009-05-12,500.com
09055,3,4,18,22,24,29,11,2009-05-14,500.com
09056,4,9,10,18,29,32,8,2009-05-17,500.com
09057,5,7,10,14,17,25,11,2009-05-19,500.com
09058,5,8,10,15,23,26,9,2009-05-21,500.com
09059,3,7,13,23,27,30,11,2009-05-24,500.com
09060,7,13,17,26,32,33,4,2009-05-26,500.com
09061,10,11,13,16,19,30,3,2009-05-28,500.com
09062,10,19,20,21,23,32,10,2009-05-31,500.com
09063,2,5,11,26,30,32,16,2009-06-02,500.com
09064,1,2,14,23,28,29,15,2009-06-04,500.com
09065,8,12,20,22,30,33,2,2009-06-07,500.com
09066,2,15,19,24,31,32,4,2009-06-09,500.com
09067,4,10,16,23,28,30,5,2009-06-11,500.com
09068,6,11,18,20,25,30,5,2009-06-14,500.com
09069,3,5,12,18,21,23,2,2009-06-16,500.com
09070,1,2,9,10,21,31,10,2009-06-18,500.com
09071,4,5,23,26,31,32,6,2009-06-21,500.com
09072,1,3,12,20,21,29,4,2009-06-23,500.com
09073,9,16,17,18,22,27,14,2009-06-25,500.com
09074,5,10,16,19,23,28,13,2009-06-28,500.com
09075,1,13,15,17,20,30,5,2009-06-30,500.com
09076,9,18,19,25,28,31,6,2009-07-02,500.com
09077,1,9,14,16,28,32,16,2009-07-05,500.com
09078,5,7,12,14,15,20,13,2009-07-07,500.com
09079,2,9,16,21,30,31,13,2009-07-09,500.com
09080,1,11,13,25,32,33,6,2009-07-12,500.com
09081,4,5,6,25,29,30,3,2009-07-14,500.com
09082,11,15,18,21,27,29,2,2009-07-16,500.com
09083,2,8,12,18,24,28,4,2009-07-19,500.com
09084,4,9,11,20,32,33,13,2009-07-21,500.com
09085,4,8,12,17,20,30,3,2009-07-23,500.com
09086,11,12,13,18,23,32,11,2009-07-26,500.com
09087,6,11,13,20,28,32,6,2009-07-28,500.com
09088,4,7,11,15,16,17,2,2009-07-30,500.com
09089,2,3,7,11,19,32,4,2009-08-02,500.com
09090,7,9,14,20,23,30,14,2009-08-04,500.com
09091,3,8,11,14,25,29,4,2009-08-06,500.com
09092,2,6,7,14,18,31,8,2009-08-09,500.com
09093,1,11,20,31,32,33,1,2009-08-11,500.com
09094,3,16,22,25,26,33,14,2009-08-13,500.com
09095,8,9,14,28,31,33,15,2009-08-16,500.com
09096,1,26,27,31,32,33,3,2009-08-18,500.com
09097,7,13,24,26,28,32,14,2009-08-20,500.com
09098,3,14,15,20,23,30,2,2009-08-23,500.com
09099,8,9,18,20,25,29,9,2009-08-25,500.com
09100,2,11,17,27,30,33,11,2009-08-27,500.com
09101,1,2,5,10,19,24,14,2009-08-30,500.com
09102,3,5,7,8,14,31,10,2009-09-01,500.com
09103,6,11,17,20,23,24,9,2009-09-03,500.com
09104,20,22,26,29,30,32,16,2009-09-06,500.com
09105,2,8,10,16,27,30,15,2009-09-08,500.com
09106,1,2,15,18,20,29,4,2009-09-10,500.com
09107,7,8,20,23,28,29,5,2009-09-13,500.com
09108,4,10,17,28,32,33,2,2009-09-15,500.com
09109,5,6,7,14,25,28,1,2009-09-17,500.com
09110,4,10,13,15,19,30,14,2009-09-20,500.com
09111,2,4,7,14,15,25,15,2009-09-22,500.com
09112,6,7,18,24,30,32,9,2009-09-24,500.com
09113,4,12,20,25,28,29,16,2009-09-27,500.com
09114,3,5,11,12,31,32,11,2009-09-29,500.com
09115,2,9,13,15,19,24,3,2009-10-01,500.com
09116,5,17,21,25,27,32,14,2009-10-04,500.com
09117,5,9,15,21,26,31,13,2009-10-06,500.com
09118,12,16,25,26,27,31,5,2009-10-08,500.com
09119,6,7,10,12,15,21,5,2009-10-11,500.com
09120,1,2,8,12,16,30,16,2009-10-13,500.com
09121,2,4,6,10,25,30,9,2009-10-15,500.com
09122,7,14,16,27,29,32,1,2009-10-18,500.com
09123,9,13,20,22,25,28,14,2009-10-20,500.com
09124,3,4,22,23,28,30,10,2009-10-22,500.com
09125,6,7,8,22,26,27,12,2009-10-25,500.com
09126,3,5,6,10,19,23,15,2009-10-27,500.com
09127,2,11,12,14,15,16,4,2009-10-29,500.com
09128,5,8,15,16,26,32,1,2009-11-01,500.com
09129,6,7,16,17,24,25,7,2009-11-03,500.com
09130,2,3,7,12,13,30,11,2009-11-05,500.com
09131,16,23,25,26,32,33,5,2009-11-08,500.com
09132,4,14,15,21,23,30,7,2009-11-10,500.com
09133,5,9,13,18,20,32,1,2009-11-12,500.com
09134,3,5,12,15,28,33,6,2009-11-15,500.com
09135,1,3,14,19,30,33,16,2009-11-17,500.com
09136,1,4,14,22,30,33,1,2009-11-19,500.com
09137,8,12,14,15,17,21,1,2009-11-22,500.com
09138,4,7,14,26,32,33,14,2009-11-24,500.com
09139,1,5,15,17,27,29,2,2009-11-26,500.com
09140,4,5,11,18,22,33,12,2009-11-29,500.com
09141,2,13,21,28,29,31,9,2009-12-01,500.com
09142,7,11,15,19,20,24,13,2009-12-03,500.com
09143,5,9,11,17,23,28,10,2009-12-06,500.com
09144,1,5,10,17,18,29,12,2009-12-08,500.com
09145,3,5,11,15,26,33,11,2009-12-10,500.com
09146,3,9,16,20,22,33,15,2009-12-13,500.com
09147,6,8,10,18,22,32,16,2009-12-15,500.com
09148,6,12,15,22,29,32,10,2009-12-17,500.com
09149,1,3,16,18,22,29,4,2009-12-20,500.com
09150,4,6,7,16,19,20,4,2009-12-22,500.com
09151,6,8,10,16,25,30,14,2009-12-24,500.com
09152,3,4,19,21,27,28,5,2009-12-27,500.com
09153,6,7,8,20,21,25,10,2009-12-29,500.com
09154,1,7,12,14,18,25,16,2009-12-31,500.com
10001,7,17,18,27,29,32,13,2010-01-03,500.com
10002,3,6,7,23,30,33,13,2010-01-05,500.com
10003,14,22,26,27,28,31,4,2010-01-07,500.com
10004,1,12,13,16,23,28,7,2010-01-10,500.com
10005,3,5,6,8,17,18,14,2010-01-12,500.com
10006,3,5,7,13,14,18,5,2010-01-14,500.com
10007,14,22,27,28,30,33,14,2010-01-17,500.com
10008,5,7,13,15,18,30,14,2010-01-19,500.com
10009,1,9,13,21,24,32,6,2010-01-21,500.com
10010,7,8,12,15,22,26,8,2010-01-24,500.com
10011,7,8,14,22,24,30,7,2010-01-26,500.com
10012,2,8,13,14,25,33,10,2010-01-28,500.com
10013,1,2,3,16,18,23,12,2010-01-31,500.com
10014,1,3,7,14,26,28,2,2010-02-02,500.com
10015,1,4,16,21,23,28,6,2010-02-04,500.com
10016,2,8,10,12,30,33,16,2010-02-07,500.com
10017,1,3,6,11,12,23,11,2010-02-09,500.com
10018,11,28,29,30,32,33,2,2010-02-11,500.com
10019,2,10,22,24,26,27,6,2010-02-21,500.com
10020,5,6,14,22,24,26,9,2010-02-23,500.com
10021,2,9,16,17,19,25,4,2010-02-25,500.com
10022,1,2,18,29,31,32,2,2010-02-28,500.com
10023,2,9,11,22,24,27,11,2010-03-02,500.com
10024,7,16,26,27,29,31,14,2010-03-04,500.com
10025,4,5,7,10,13,25,11,2010-03-07,500.com
10026,2,4,5,8,19,22,12,2010-03-09,500.com
10027,3,4,15,25,26,30,13,2010-03-11,500.com
10028,1,3,6,12,16,32,12,2010-03-14,500.com
10029,1,5,14,16,17,22,3,2010-03-16,500.com
10030,3,6,10,16,25,31,5,2010-03-18,500.com
10031,5,7,13,24,25,28,4,2010-03-21,500.com
10032,8,18,21,28,29,33,8,2010-03-23,500.com
10033,8,10,11,12,25,29,9,2010-03-25,500.com
10034,6,11,13,22,25,32,12,2010-03-28,500.com
10035,9,10,11,18,19,21,10,2010-03-30,500.com
10036,6,13,14,28,29,30,8,2010-04-01,500.com
10037,3,16,19,21,24,26,6,2010-04-04,500.com
10038,1,6,7,11,13,16,1,2010-04-06,500.com
10039,8,17,21,23,25,32,12,2010-04-08,500.com
10040,12,19,24,25,30,32,11,2010-04-11,500.com
10041,3,5,13,19,25,29,12,2010-04-13,500.com
10042,3,6,11,20,31,32,10,2010-04-15,500.com
10043,4,10,19,22,28,33,4,2010-04-18,500.com
10044,3,9,21,23,27,31,5,2010-04-20,500.com
10045,2,3,4,13,20,29,1,2010-04-22,500.com
10046,11,12,21,23,27,32,5,2010-04-25,500.com
10047,3,10,13,20,21,32,15,2010-04-27,500.com
10048,1,6,8,10,23,33,2,2010-04-29,500.com
10049,1,6,10,26,27,28,2,2010-05-02,500.com
10050,7,21,22,26,28,30,11,2010-05-04,500.com
10051,4,17,23,27,28,32,3,2010-05-06,500.com
10052,1,2,19,23,27,29,10,2010-05-09,500.com
10053,3,22,24,27,28,30,14,2010-05-11,500.com
10054,1,6,8,12,14,25,6,2010-05-13,500.com
10055,2,3,13,19,20,23,8,2010-05-16,500.com
10056,1,2,3,8,13,32,7,2010-05-18,500.com
10057,5,11,12,19,25,32,5,2010-05-20,500.com
10058,1,4,11,17,19,29,12,2010-05-23,500.com
10059,1,9,11,12,18,30,10,2010-05-25,500.com
10060,1,8,15,18,22,27,9,2010-05-27,500.com
10061,2,4,16,19,22,26,12,2010-05-30,500.com
10062,11,13,15,20,31,33,3,2010-06-01,500.com
10063,2,6,10,17,23,24,3,2010-06-03,500.com
10064,8,14,25,26,30,31,11,2010-06-06,500.com
10065,2,7,8,17,30,32,12,2010-06-08,500.com
10066,1,3,21,22,31,32,7,2010-06-10,500.com
10067,1,7,10,14,21,25,1,2010-06-13,500.com
10068,3,13,18,20,23,28,13,2010-06-15,500.com
10069,12,14,20,22,24,32,11,2010-06-17,500.com
10070,8,13,23,27,31,33,7,2010-06-20,500.com
10071,5,13,14,17,20,26,1,2010-06-22,500.com
10072,6,8,22,23,30,31,1,2010-06-24,500.com
10073,1,16,20,23,27,31,2,2010-06-27,500.com
10074,2,10,17,18,19,29,15,2010-06-29,500.com
10075,5,9,12,13,15,22,14,2010-07-01,500.com
10076,1,12,14,29,31,32,15,2010-07-04,500.com
10077,2,8,14,20,21,24,9,2010-07-06,500.com
10078,1,3,9,11,17,23,12,2010-07-08,500.com
10079,8,11,12,14,18,22,2,2010-07-11,500.com
10080,8,10,13,14,16,23,16,2010-07-13,500.com
10081,2,3,9,24,26,27,5,2010-07-15,500.com
10082,1,8,13,14,27,31,2,2010-07-18,500.com
10083,2,20,21,22,23,31,12,2010-07-20,500.com
10084,2,10,14,18,20,30,3,2010-07-22,500.com
10085,1,8,12,13,24,27,8,2010-07-25,500.com
10086,5,21,28,29,30,31,8,2010-07-27,500.com
10087,1,8,16,17,25,30,10,2010-07-29,500.com
10088,5,6,15,23,27,30,12,2010-08-01,500.com
10089,7,8,9,16,23,26,1,2010-08-03,500.com
10090,1,6,10,15,25,31,14,2010-08-05,500.com
10091,6,13,16,20,22,24,16,2010-08-08,500.com
10092,3,13,19,27,28,30,2,2010-08-10,500.com
10093,9,10,19,28,32,33,6,2010-08-12,500.com
10094,3,5,7,27,31,32,10,2010-08-15,500.com
10095,9,11,16,17,25,27,14,2010-08-17,500.com
10096,7,12,21,23,24,28,3,2010-08-19,500.com
10097,10,16,18,21,24,26,1,2010-08-22,500.com
10098,1,3,8,16,29,33,7,2010-08-24,500.com
10099,3,4,17,24,27,30,6,2010-08-26,500.com
10100,1,6,12,22,23,26,8,2010-08-29,500.com
10101,4,9,18,21,25,26,6,2010-08-31,500.com
10102,4,11,16,20,22,29,10,2010-09-02,500.com
10103,6,9,14,17,20,33,9,2010-09-05,500.com
10104,7,17,23,24,27,32,2,2010-09-07,500.com
10105,1,8,9,19,21,31,11,2010-09-09,500.com
10106,2,6,8,15,26,29,16,2010-09-12,500.com
10107,8,12,15,17,22,33,16,2010-09-14,500.com
10108,2,4,8,20,23,24,7,2010-09-16,500.com
10109,4,15,18,25,29,32,15,2010-09-19,500.com
10110,1,3,12,24,26,27,1,2010-09-21,500.com
10111,4,7,8,13,17,18,10,2010-09-23,500.com
10112,1,8,18,24,29,30,16,2010-09-26,500.com
10113,5,10,15,18,20,28,10,2010-09-28,500.com
10114,1,8,11,15,17,25,1,2010-09-30,500.com
10115,1,22,24,25,29,33,15,2010-10-03,500.com
10116,5,9,10,20,22,26,7,2010-10-05,500.com
10117,1,8,20,22,24,28,1,2010-10-07,500.com
10118,5,8,11,13,15,25,5,2010-10-10,500.com
10119,7,17,25,27,30,31,9,2010-10-12,500.com
10120,1,2,5,6,10,29,16,2010-10-14,500.com
10121,8,11,13,18,25,30,15,2010-10-17,500.com
10122,2,9,12,16,25,27,6,2010-10-19,500.com
10123,6,12,15,18,29,32,10,2010-10-21,500.com
10124,2,6,8,11,12,25,2,2010-10-24,500.com
10125,6,7,13,23,28,29,9,2010-10-26,500.com
10126,3,13,18,20,27,28,5,2010-10-28,500.com
10127,1,4,8,17,25,33,1,2010-10-31,500.com
10128,4,11,19,20,24,28,12,2010-11-02,500.com
10129,4,8,14,25,28,32,16,2010-11-04,500.com
10130,1,2,7,15,21,31,16,2010-11-07,500.com
10131,5,6,15,16,19,26,6,2010-11-09,500.com
10132,2,10,12,18,24,33,15,2010-11-11,500.com
10133,3,9,17,21,26,32,1,2010-11-14,500.com
10134,9,15,16,22,27,28,6,2010-11-16,500.com
10135,4,10,13,25,26,30,10,2010-11-18,500.com
10136,4,10,23,24,26,33,10,2010-11-21,500.com
10137,7,9,10,13,19,33,6,2010-11-23,500.com
10138,1,21,23,24,26,30,5,2010-11-25,500.com
10139,11,13,18,20,26,31,9,2010-11-28,500.com
10140,1,12,13,18,26,29,15,2010-11-30,500.com
10141,2,3,7,18,23,27,6,2010-12-02,500.com
10142,2,16,18,23,26,27,10,2010-12-05,500.com
10143,9,16,18,26,30,31,14,2010-12-07,500.com
10144,2,3,8,15,19,21,11,2010-12-09,500.com
10145,3,21,24,27,28,31,8,2010-12-12,500.com
10146,1,17,18,22,25,32,1,2010-12-14,500.com
10147,2,8,15,18,24,30,3,2010-12-16,500.com
10148,1,3,7,18,23,27,12,2010-12-19,500.com
10149,2,7,8,16,25,30,9,2010-12-21,500.com
10150,2,17,18,23,29,30,6,2010-12-23,500.com
10151,2,13,14,17,19,26,14,2010-12-26,500.com
10152,4,9,17,21,25,31,1,2010-12-28,500.com
10153,3,6,12,19,30,31,13,2010-12-30,500.com
11001,3,9,20,24,26,32,10,2011-01-02,500.com
11002,6,8,12,17,28,33,5,2011-01-04,500.com
11003,13,14,21,22,23,27,4,2011-01-06,500.com
11004,4,6,8,10,13,26,5,2011-01-09,500.com
11005,6,9,12,14,20,22,13,2011-01-11,500.com
11006,1,3,5,13,16,18,5,2011-01-13,500.com
11007,1,9,17,24,26,31,5,2011-01-16,500.com
11008,10,12,13,17,24,31,15,2011-01-18,500.com
11009,17,18,23,24,25,26,4,2011-01-20,500.com
11010,1,4,5,9,15,19,13,2011-01-23,500.com
11011,1,12,18,19,21,24,10,2011-01-25,500.com
11012,7,8,11,13,15,26,13,2011-01-27,500.com
11013,1,3,13,16,21,22,8,2011-01-30,500.com
11014,5,7,10,11,23,26,16,2011-02-01,500.com
11015,3,6,13,26,27,29,7,2011-02-10,500.com
11016,3,4,16,17,22,29,13,2011-02-13,500.com
11017,2,6,15,23,26,33,8,2011-02-15,500.com
11018,13,15,18,28,30,33,1,2011-02-17,500.com
11019,2,4,12,19,32,33,16,2011-02-20,500.com
11020,12,16,17,19,24,30,5,2011-02-22,500.com
11021,1,2,14,18,25,31,8,2011-02-24,500.com
11022,2,7,14,16,17,21,5,2011-02-27,500.com
11023,2,3,6,21,22,25,5,2011-03-01,500.com
11024,5,7,10,19,26,31,14,2011-03-03,500.com
11025,8,25,26,31,32,33,9,2011-03-06,500.com
11026,7,8,17,19,21,26,12,2011-03-08,500.com
11027,13,18,21,22,25,26,1,2011-03-10,500.com
11028,1,4,5,14,16,17,1,2011-03-13,500.com
11029,1,4,9,10,20,31,7,2011-03-15,500.com
11030,2,9,19,24,25,33,10,2011-03-17,500.com
11031,16,17,24,28,29,32,12,2011-03-20,500.com
11032,3,5,7,13,14,15,15,2011-03-22,500.com
11033,2,8,12,13,19,29,4,2011-03-24,500.com
11034,13,14,17,19,24,31,8,2011-03-27,500.com
11035,13,14,18,20,27,31,2,2011-03-29,500.com
11036,2,11,20,22,24,31,5,2011-03-31,500.com
11037,1,3,4,6,17,25,11,2011-04-03,500.com
11038,2,14,15,19,23,24,12,2011-04-05,500.com
11039,3,7,10,16,24,29,13,2011-04-07,500.com
11040,5,11,14,24,26,28,13,2011-04-10,500.com
11041,4,10,12,13,30,32,13,2011-04-12,500.com
11042,5,13,15,17,19,21,15,2011-04-14,500.com
11043,4,13,14,17,25,31,4,2011-04-17,500.com
11044,3,14,16,26,27,31,9,2011-04-19,500.com
11045,2,16,17,20,26,32,8,2011-04-21,500.com
11046,9,17,18,26,29,30,8,2011-04-24,500.com
11047,4,13,23,25,27,33,14,2011-04-26,500.com
11048,10,14,18,25,26,27,15,2011-04-28,500.com
11049,1,11,17,18,27,31,14,2011-05-01,500.com
11050,4,5,19,22,28,29,15,2011-05-03,500.com
11051,1,7,11,14,15,16,14,2011-05-05,500.com
11052,4,5,8,19,27,28,8,2011-05-08,500.com
11053,3,6,10,12,22,30,15,2011-05-10,500.com
11054,8,11,16,17,22,33,8,2011-05-12,500.com
11055,8,13,16,17,29,32,16,2011-05-15,500.com
11056,13,16,19,20,23,25,10,2011-05-17,500.com
11057,4,6,20,21,26,33,2,2011-05-19,500.com
11058,7,18,22,30,32,33,6,2011-05-22,500.com
11059,24,26,27,29,31,33,16,2011-05-24,500.com
11060,10,11,13,21,27,31,1,2011-05-26,500.com
11061,2,3,8,13,19,21,3,2011-05-29,500.com
11062,4,8,9,10,29,30,3,2011-05-31,500.com
11063,4,6,13,15,18,19,5,2011-06-02,500.com
11064,3,6,7,29,30,33,2,2011-06-05,500.com
11065,4,16,23,25,27,29,3,2011-06-07,500.com
11066,4,6,14,17,30,32,12,2011-06-09,500.com
11067,17,19,20,24,25,27,12,2011-06-12,500.com
11068,3,7,10,15,19,24,10,2011-06-14,500.com
11069,2,13,16,18,24,30,12,2011-06-16,500.com
11070,1,3,5,12,21,28,12,2011-06-19,500.com
11071,1,2,15,22,28,30,2,2011-06-21,500.com
11072,1,6,10,11,18,27,12,2011-06-23,500.com
11073,3,4,5,12,17,21,14,2011-06-26,500.com
11074,2,21,26,28,29,32,1,2011-06-28,500.com
11075,7,9,10,12,31,32,13,2011-06-30,500.com
11076,6,19,21,26,32,33,13,2011-07-03,500.com
11077,1,7,8,15,26,29,10,2011-07-05,500.com
11078,3,5,13,20,22,29,9,2011-07-07,500.com
11079,3,14,15,16,24,29,5,2011-07-10,500.com
11080,2,7,9,25,31,32,9,2011-07-12,500.com
11081,6,14,19,23,25,32,12,2011-07-14,500.com
11082,7,16,17,20,25,26,4,2011-07-17,500.com
11083,7,16,18,24,28,29,6,2011-07-19,500.com
11084,9,10,12,16,18,32,15,2011-07-21,500.com
11085,3,6,11,21,24,31,10,2011-07-24,500.com
11086,6,7,9,12,17,24,9,2011-07-26,500.com
11087,2,3,4,5,18,28,1,2011-07-28,500.com
11088,3,9,17,20,21,29,4,2011-07-31,500.com
11089,1,2,11,24,29,30,12,2011-08-02,500.com
11090,2,5,14,18,21,25,16,2011-08-04,500.com
11091,9,15,21,23,28,30,3,2011-08-07,500.com
11092,5,10,17,26,31,32,4,2011-08-09,500.com
11093,4,7,11,13,23,30,9,2011-08-11,500.com
11094,9,11,12,17,18,19,5,2011-08-14,500.com
11095,3,7,8,10,23,24,5,2011-08-16,500.com
11096,1,4,7,13,14,19,15,2011-08-18,500.com
11097,9,17,19,20,21,26,16,2011-08-21,500.com
11098,3,7,20,21,22,32,5,2011-08-23,500.com
11099,10,12,13,21,26,27,14,2011-08-25,500.com
11100,7,11,21,23,31,32,5,2011-08-28,500.com
11101,6,10,19,23,29,31,6,2011-08-30,500.com
11102,1,5,13,21,27,31,11,2011-09-01,500.com
11103,4,5,10,13,15,16,12,2011-09-04,500.com
11104,9,10,16,20,25,29,9,2011-09-06,500.com
11105,4,6,23,25,27,28,1,2011-09-08,500.com
11106,2,11,12,14,24,32,14,2011-09-11,500.com
11107,4,9,16,17,22,29,15,2011-09-13,500.com
11108,2,17,22,26,29,33,10,2011-09-15,500.com
11109,1,3,9,15,16,33,15,2011-09-18,500.com
11110,12,14,21,26,28,33,12,2011-09-20,500.com
11111,1,3,5,20,25,27,4,2011-09-22,500.com
11112,3,5,16,18,23,24,15,2011-09-25,500.com
11113,6,10,11,25,32,33,5,2011-09-27,500.com
11114,1,14,15,16,30,32,9,2011-09-29,500.com
11115,7,8,9,12,17,33,16,2011-10-02,500.com
11116,1,7,11,12,17,27,5,2011-10-04,500.com
11117,8,10,19,26,28,30,4,2011-10-06,500.com
11118,5,6,11,14,20,21,10,2011-10-09,500.com
11119,9,12,14,19,28,32,1,2011-10-11,500.com
11120,4,14,17,28,30,33,7,2011-10-13,500.com
11121,4,14,22,25,32,33,2,2011-10-16,500.com
11122,10,12,18,26,27,31,3,2011-10-18,500.com
11123,1,4,5,14,19,28,16,2011-10-20,500.com
11124,9,18,19,26,31,32,16,2011-10-23,500.com
11125,3,10,15,24,27,32,8,2011-10-25,500.com
11126,3,7,13,18,23,26,16,2011-10-27,500.com
11127,16,19,22,23,27,29,11,2011-10-30,500.com
11128,9,11,14,17,19,23,12,2011-11-01,500.com
11129,7,10,11,21,23,26,6,2011-11-03,500.com
11130,7,14,18,23,25,32,15,2011-11-06,500.com
11131,2,7,9,17,21,25,1,2011-11-08,500.com
11132,2,5,12,13,25,33,7,2011-11-10,500.com
11133,12,14,20,21,25,31,16,2011-11-13,500.com
11134,1,2,6,7,30,31,10,2011-11-15,500.com
11135,12,13,17,20,25,26,12,2011-11-17,500.com
11136,2,4,6,20,22,31,7,2011-11-20,500.com
11137,2,11,18,23,30,33,13,2011-11-22,500.com
11138,1,5,15,24,28,32,7,2011-11-24,500.com
11139,8,20,24,27,30,31,3,2011-11-27,500.com
11140,4,18,20,22,27,29,6,2011-11-29,500.com
11141,2,4,6,19,24,29,11,2011-12-01,500.com
11142,12,15,16,26,29,31,2,2011-12-04,500.com
11143,7,8,12,14,15,30,16,2011-12-06,500.com
11144,1,2,9,10,16,24,3,2011-12-08,500.com
11145,2,4,14,15,26,30,4,2011-12-11,500.com
11146,11,23,26,28,32,33,10,2011-12-13,500.com
11147,4,8,12,17,18,30,10,2011-12-15,500.com
11148,5,14,22,23,25,26,14,2011-12-18,500.com
11149,4,5,6,7,23,31,16,2011-12-20,500.com
11150,8,10,12,15,22,27,13,2011-12-22,500.com
11151,7,11,16,19,31,33,10,2011-12-25,500.com
11152,4,10,11,12,21,26,13,2011-12-27,500.com
11153,5,8,9,10,20,25,13,2011-12-29,500.com
12001,1,4,5,9,15,17,6,2012-01-01,500.com
12002,2,3,7,9,10,32,13,2012-01-03,500.com
12003,3,6,8,24,29,31,9,2012-01-05,500.com
12004,1,5,10,11,21,23,16,2012-01-08,500.com
12005,7,9,18,27,31,33,6,2012-01-10,500.com
12006,2,22,25,29,32,33,8,2012-01-12,500.com
12007,10,17,19,27,28,32,4,2012-01-15,500.com
12008,1,12,20,23,24,29,8,2012-01-17,500.com
12009,4,16,24,26,27,33,11,2012-01-19,500.com
12010,1,3,13,19,25,26,10,2012-01-29,500.com
12011,4,14,15,16,20,26,5,2012-01-31,500.com
12012,15,17,18,20,23,27,1,2012-02-02,500.com
12013,6,8,24,29,30,32,13,2012-02-05,500.com
12014,1,2,5,16,28,30,12,2012-02-07,500.com
12015,1,3,6,10,21,23,15,2012-02-09,500.com
12016,2,5,12,17,22,25,8,2012-02-12,500.com
12017,6,9,14,19,25,28,10,2012-02-14,500.com
12018,3,5,6,22,26,32,15,2012-02-16,500.com
12019,7,14,18,20,22,30,16,2012-02-19,500.com
12020,3,8,12,18,23,29,11,2012-02-21,500.com
12021,1,15,16,18,22,30,3,2012-02-23,500.com
12022,4,8,12,24,26,27,4,2012-02-26,500.com
12023,5,9,15,23,24,33,2,2012-02-28,500.com
12024,4,12,19,21,25,28,13,2012-03-01,500.com
12025,3,8,9,17,25,27,6,2012-03-04,500.com
12026,3,7,9,15,24,25,16,2012-03-06,500.com
12027,4,16,22,25,30,31,12,2012-03-08,500.com
12028,10,15,20,21,28,30,11,2012-03-11,500.com
12029,4,7,15,25,26,28,3,2012-03-13,500.com
12030,9,10,17,18,21,31,8,2012-03-15,500.com
12031,4,16,22,24,27,31,3,2012-03-18,500.com
12032,1,2,10,17,22,24,4,2012-03-20,500.com
12033,2,3,15,16,17,27,4,2012-03-22,500.com
12034,2,3,8,23,32,33,16,2012-03-25,500.com
12035,9,11,12,21,24,26,5,2012-03-27,500.com
12036,2,11,13,18,19,26,9,2012-03-29,500.com
12037,5,14,19,24,28,33,9,2012-04-01,500.com
12038,9,10,11,15,19,33,16,2012-04-03,500.com
12039,1,2,5,13,22,29,8,2012-04-05,500.com
12040,3,8,9,22,25,31,10,2012-04-08,500.com
12041,8,11,15,20,24,32,2,2012-04-10,500.com
12042,5,6,11,19,24,28,16,2012-04-12,500.com
12043,2,9,11,21,26,33,3,2012-04-15,500.com
12044,6,9,10,14,22,25,3,2012-04-17,500.com
12045,8,11,20,21,27,30,9,2012-04-19,500.com
12046,4,12,19,20,23,33,6,2012-04-22,500.com
12047,6,7,11,16,32,33,11,2012-04-24,500.com
12048,1,5,14,22,24,30,10,2012-04-26,500.com
12049,4,12,13,19,20,32,2,2012-04-29,500.com
12050,7,13,15,17,19,24,11,2012-05-01,500.com
12051,2,12,14,17,30,31,9,2012-05-03,500.com
12052,2,3,5,6,20,24,4,2012-05-06,500.com
12053,4,15,22,25,27,33,4,2012-05-08,500.com
12054,6,14,18,20,30,33,14,2012-05-10,500.com
12055,4,6,13,20,24,28,1,2012-05-13,500.com
12056,4,7,14,17,26,31,10,2012-05-15,500.com
12057,3,5,19,21,27,31,4,2012-05-17,500.com
12058,3,6,15,20,25,26,4,2012-05-20,500.com
12059,4,13,21,22,26,31,1,2012-05-22,500.com
12060,7,10,13,16,17,29,1,2012-05-24,500.com
12061,3,8,11,12,14,18,14,2012-05-27,500.com
12062,2,13,16,17,20,31,7,2012-05-29,500.com
12063,2,10,17,19,24,27,12,2012-05-31,500.com
12064,5,10,11,16,23,24,11,2012-06-03,500.com
12065,8,10,18,19,27,31,14,2012-06-05,500.com
12066,1,2,9,26,29,33,12,2012-06-07,500.com
12067,4,5,10,21,26,30,16,2012-06-10,500.com
12068,5,17,22,26,32,33,10,2012-06-12,500.com
12069,8,10,11,18,20,29,6,2012-06-14,500.com
12070,2,3,4,24,31,32,11,2012-06-17,500.com
12071,3,4,19,21,22,23,8,2012-06-19,500.com
12072,2,3,7,9,13,30,6,2012-06-21,500.com
12073,4,7,9,10,17,27,5,2012-06-24,500.com
12074,15,16,18,19,28,32,8,2012-06-26,500.com
12075,4,6,22,23,29,32,11,2012-06-28,500.com
12076,11,18,22,27,29,30,15,2012-07-01,500.com
12077,2,4,13,18,26,28,12,2012-07-03,500.com
12078,8,15,22,24,28,33,12,2012-07-05,500.com
12079,6,7,12,24,30,33,12,2012-07-08,500.com
12080,4,9,14,15,16,27,3,2012-07-10,500.com
12081,2,5,10,24,25,29,6,2012-07-12,500.com
12082,2,4,11,18,22,29,6,2012-07-15,500.com
12083,4,9,14,15,26,33,4,2012-07-17,500.com
12084,2,10,20,26,28,29,14,2012-07-19,500.com
12085,5,17,24,30,31,33,5,2012-07-22,500.com
12086,8,9,13,15,22,23,8,2012-07-24,500.com
12087,3,10,11,13,14,22,9,2012-07-26,500.com
12088,3,5,23,24,27,31,15,2012-07-29,500.com
12089,3,7,10,13,14,25,11,2012-07-31,500.com
12090,2,13,20,25,29,30,11,2012-08-02,500.com
12091,1,5,7,8,19,21,16,2012-08-05,500.com
12092,6,13,17,18,28,32,3,2012-08-07,500.com
12093,3,5,19,21,24,33,13,2012-08-09,500.com
12094,6,9,14,16,23,33,15,2012-08-12,500.com
12095,17,24,27,28,29,30,2,2012-08-14,500.com
12096,4,7,11,16,29,33,7,2012-08-16,500.com
12097,5,8,13,14,19,22,6,2012-08-19,500.com
12098,2,12,19,26,29,31,9,2012-08-21,500.com
12099,8,12,15,16,21,27,16,2012-08-23,500.com
12100,5,7,15,18,25,33,10,2012-08-26,500.com
12101,9,12,17,18,20,33,2,2012-08-28,500.com
12102,13,25,27,28,29,30,15,2012-08-30,500.com
12103,4,9,11,14,32,33,2,2012-09-02,500.com
12104,4,5,9,10,19,28,3,2012-09-04,500.com
12105,6,13,14,15,17,30,4,2012-09-06,500.com
12106,13,14,20,22,23,32,16,2012-09-09,500.com
12107,11,12,15,24,25,31,9,2012-09-11,500.com
12108,1,9,12,13,19,28,13,2012-09-13,500.com
12109,2,12,24,26,29,31,3,2012-09-16,500.com
12110,3,7,10,13,22,32,9,2012-09-18,500.com
12111,2,9,10,20,22,31,13,2012-09-20,500.com
12112,8,15,20,21,27,31,6,2012-09-23,500.com
12113,3,6,9,13,18,32,6,2012-09-25,500.com
12114,1,6,11,26,27,29,15,2012-09-27,500.com
12115,3,8,20,24,26,32,14,2012-09-30,500.com
12116,3,21,26,29,31,32,3,2012-10-02,500.com
12117,13,15,18,20,24,28,9,2012-10-04,500.com
12118,5,6,7,12,15,28,11,2012-10-07,500.com
12119,12,20,25,26,27,28,13,2012-10-09,500.com
12120,1,4,20,24,28,29,16,2012-10-11,500.com
12121,1,7,8,20,23,24,11,2012-10-14,500.com
12122,12,13,19,22,28,29,11,2012-10-16,500.com
12123,8,10,16,25,28,33,9,2012-10-18,500.com
12124,6,7,21,25,27,33,11,2012-10-21,500.com
12125,8,12,13,26,29,33,1,2012-10-23,500.com
12126,3,5,12,15,23,24,7,2012-10-25,500.com
12127,1,9,11,21,26,32,8,2012-10-28,500.com
12128,5,9,12,29,30,31,5,2012-10-30,500.com
12129,1,7,9,17,21,29,1,2012-11-01,500.com
12130,1,3,15,20,22,31,3,2012-11-04,500.com
12131,6,18,19,26,28,32,12,2012-11-06,500.com
12132,7,12,16,17,21,25,10,2012-11-08,500.com
12133,1,8,11,20,21,29,2,2012-11-11,500.com
12134,2,5,6,7,13,23,15,2012-11-13,500.com
12135,2,5,7,8,11,17,16,2012-11-15,500.com
12136,2,7,8,17,21,28,11,2012-11-18,500.com
12137,1,2,4,6,13,17,7,2012-11-20,500.com
12138,1,7,16,17,19,21,14,2012-11-22,500.com
12139,8,19,21,24,28,31,15,2012-11-25,500.com
12140,14,18,27,30,31,33,15,2012-11-27,500.com
12141,3,5,8,19,20,27,9,2012-11-29,500.com
12142,5,18,22,28,29,31,6,2012-12-02,500.com
12143,7,8,18,25,30,32,6,2012-12-04,500.com
12144,3,10,12,13,27,30,4,2012-12-06,500.com
12145,5,20,26,27,28,33,3,2012-12-09,500.com
12146,1,5,7,13,29,32,13,2012-12-11,500.com
12147,2,12,15,23,24,32,9,2012-12-13,500.com
12148,3,6,11,17,21,31,7,2012-12-16,500.com
12149,1,5,13,25,26,32,13,2012-12-18,500.com
12150,9,11,17,23,24,26,7,2012-12-20,500.com
12151,5,14,24,25,26,32,1,2012-12-23,500.com
12152,10,12,18,22,28,29,7,2012-12-25,500.com
12153,4,5,11,21,27,28,10,2012-12-27,500.com
12154,5,7,12,16,28,32,4,2012-12-30,500.com
13001,6,8,14,15,24,25,6,2013-01-01,500.com
13002,1,16,18,22,28,30,12,2013-01-03,500.com
13003,22,23,26,27,28,33,9,2013-01-06,500.com
13004,6,10,16,20,27,32,8,2013-01-08,500.com
13005,1,13,14,25,31,32,12,2013-01-10,500.com
13006,9,10,13,17,22,30,13,2013-01-13,500.com
13007,2,9,15,22,26,32,1,2013-01-15,500.com
13008,3,8,17,21,25,32,15,2013-01-17,500.com
13009,1,4,9,13,16,23,2,2013-01-20,500.com
13010,1,9,11,17,32,33,12,2013-01-22,500.com
13011,3,12,17,24,27,29,9,2013-01-24,500.com
13012,6,14,17,22,28,29,2,2013-01-27,500.com
13013,5,6,13,19,22,28,9,2013-01-29,500.com
13014,2,4,5,17,19,20,8,2013-01-31,500.com
13015,5,6,7,11,13,18,15,2013-02-03,500.com
13016,2,5,6,12,14,28,5,2013-02-05,500.com
13017,4,6,12,30,31,32,9,2013-02-07,500.com
13018,2,8,13,28,29,30,5,2013-02-17,500.com
13019,1,2,5,16,20,26,6,2013-02-19,500.com
13020,1,7,8,12,16,21,1,2013-02-21,500.com
13021,1,6,17,19,26,31,11,2013-02-24,500.com
13022,2,4,7,9,15,20,7,2013-02-26,500.com
13023,3,6,15,18,30,32,5,2013-02-28,500.com
13024,4,5,13,23,27,30,9,2013-03-03,500.com
13025,16,17,18,24,25,30,8,2013-03-05,500.com
13026,4,11,14,15,22,31,11,2013-03-07,500.com
13027,1,2,4,12,21,24,12,2013-03-10,500.com
13028,7,8,14,25,26,28,13,2013-03-12,500.com
13029,6,7,10,19,23,29,12,2013-03-14,500.com
13030,7,14,18,25,26,29,6,2013-03-17,500.com
13031,3,13,14,15,21,33,3,2013-03-19,500.com
13032,4,21,25,29,30,33,3,2013-03-21,500.com
13033,5,6,13,17,19,28,1,2013-03-24,500.com
13034,6,15,20,22,26,33,9,2013-03-26,500.com
13035,1,14,15,17,26,30,2,2013-03-28,500.com
13036,4,5,9,27,29,31,13,2013-03-31,500.com
13037,2,15,18,27,28,32,14,2013-04-02,500.com
13038,9,10,12,14,15,19,11,2013-04-04,500.com
13039,1,2,14,15,24,29,6,2013-04-07,500.com
13040,2,4,10,12,17,30,10,2013-04-09,500.com
13041,2,10,12,17,23,24,5,2013-04-11,500.com
13042,1,8,12,13,15,33,3,2013-04-14,500.com
13043,3,6,14,15,17,25,16,2013-04-16,500.com
13044,3,5,11,18,26,28,6,2013-04-18,500.com
13045,6,7,8,14,23,31,12,2013-04-21,500.com
13046,3,16,19,20,24,26,6,2013-04-23,500.com
13047,1,8,11,17,27,30,12,2013-04-25,500.com
13048,10,13,17,28,30,32,4,2013-04-28,500.com
13049,10,13,14,16,21,32,14,2013-04-30,500.com
13050,3,7,13,18,22,25,3,2013-05-02,500.com
13051,8,12,15,19,28,29,2,2013-05-05,500.com
13052,6,7,14,21,22,24,13,2013-05-07,500.com
13053,3,12,13,22,30,33,14,2013-05-09,500.com
13054,3,4,8,14,21,28,14,2013-05-12,500.com
13055,8,18,19,22,27,32,6,2013-05-14,500.com
13056,3,12,25,26,28,29,16,2013-05-16,500.com
13057,13,16,19,23,26,28,5,2013-05-19,500.com
13058,8,11,17,21,23,24,5,2013-05-21,500.com
13059,3,10,18,24,27,29,9,2013-05-23,500.com
13060,5,7,10,13,19,20,15,2013-05-26,500.com
13061,5,6,7,12,13,18,12,2013-05-28,500.com
13062,1,6,7,19,22,27,2,2013-05-30,500.com
13063,10,15,18,20,23,31,12,2013-06-02,500.com
13064,1,9,13,22,25,32,12,2013-06-04,500.com
13065,7,18,19,23,29,30,2,2013-06-06,500.com
13066,1,3,16,17,20,32,7,2013-06-09,500.com
13067,1,4,9,15,22,30,6,2013-06-11,500.com
13068,2,7,13,20,25,27,6,2013-06-13,500.com
13069,7,16,17,18,30,33,6,2013-06-16,500.com
13070,2,3,9,10,28,30,6,2013-06-18,500.com
13071,5,12,21,23,26,28,9,2013-06-20,500.com
13072,2,8,11,14,19,33,9,2013-06-23,500.com
13073,2,9,13,17,20,28,11,2013-06-25,500.com
13074,3,6,8,14,19,32,3,2013-06-27,500.com
13075,4,6,9,25,30,33,14,2013-06-30,500.com
13076,14,23,24,26,29,30,3,2013-07-02,500.com
13077,9,14,23,24,26,29,3,2013-07-04,500.com
13078,3,5,17,18,26,27,15,2013-07-07,500.com
13079,7,13,17,19,22,26,13,2013-07-09,500.com
13080,10,11,12,23,28,32,16,2013-07-11,500.com
13081,1,4,10,13,21,31,13,2013-07-14,500.com
13082,4,13,14,20,22,30,6,2013-07-16,500.com
13083,5,6,12,14,19,23,9,2013-07-18,500.com
13084,5,7,9,11,20,21,3,2013-07-21,500.com
13085,2,8,12,14,16,32,16,2013-07-23,500.com
13086,2,4,11,13,16,26,11,2013-07-25,500.com
13087,2,13,19,23,24,28,5,2013-07-28,500.com
13088,9,15,20,21,22,24,14,2013-07-30,500.com
13089,4,8,12,19,21,25,13,2013-08-01,500.com
13090,2,5,11,23,24,29,8,2013-08-04,500.com
13091,4,14,24,25,28,31,10,2013-08-06,500.com
13092,7,11,15,21,26,31,6,2013-08-08,500.com
13093,1,2,8,26,29,31,14,2013-08-11,500.com
13094,2,4,14,18,20,22,7,2013-08-13,500.com
13095,1,6,15,19,28,29,10,2013-08-15,500.com
13096,1,2,22,28,29,30,15,2013-08-18,500.com
13097,5,14,17,22,23,25,7,2013-08-20,500.com
13098,7,15,18,19,20,26,14,2013-08-22,500.com
13099,5,11,20,21,26,31,3,2013-08-25,500.com
13100,4,8,11,14,16,20,11,2013-08-27,500.com
13101,5,7,9,23,27,32,1,2013-08-29,500.com
13102,2,4,5,6,8,16,3,2013-09-01,500.com
13103,2,4,9,13,18,20,7,2013-09-03,500.com
13104,1,2,4,15,17,28,11,2013-09-05,500.com
13105,1,11,23,27,31,32,9,2013-09-08,500.com
13106,9,11,23,30,31,32,6,2013-09-10,500.com
13107,7,9,11,17,28,31,11,2013-09-12,500.com
13108,16,21,22,28,31,32,5,2013-09-15,500.com
13109,9,23,24,27,29,32,8,2013-09-17,500.com
13110,15,17,18,21,29,32,13,2013-09-19,500.com
13111,1,2,3,6,8,33,13,2013-09-22,500.com
13112,1,6,12,13,22,31,7,2013-09-24,500.com
13113,4,7,11,17,24,33,9,2013-09-26,500.com
13114,4,6,17,21,23,33,7,2013-09-29,500.com
13115,3,12,16,17,18,27,8,2013-10-01,500.com
13116,12,15,21,26,32,33,7,2013-10-03,500.com
13117,9,12,13,24,27,33,16,2013-10-06,500.com
13118,2,3,17,22,32,33,16,2013-10-08,500.com
13119,5,15,20,22,26,32,9,2013-10-10,500.com
13120,5,6,13,18,23,31,11,2013-10-13,500.com
13121,4,5,6,7,25,27,7,2013-10-15,500.com
13122,7,10,13,15,26,27,11,2013-10-17,500.com
13123,1,2,6,11,17,25,2,2013-10-20,500.com
13124,3,9,15,23,25,30,7,2013-10-22,500.com
13125,4,6,8,18,25,28,16,2013-10-24,500.com
13126,4,10,19,27,31,33,16,2013-10-27,500.com
13127,2,3,13,20,22,33,14,2013-10-29,500.com
13128,7,13,17,19,25,31,8,2013-10-31,500.com
13129,5,6,10,14,27,31,14,2013-11-03,500.com
13130,1,3,15,16,31,33,8,2013-11-05,500.com
13131,4,6,12,17,19,26,9,2013-11-07,500.com
13132,20,21,22,23,25,27,12,2013-11-10,500.com
13133,4,7,12,19,22,25,1,2013-11-12,500.com
13134,1,17,18,19,25,29,10,2013-11-14,500.com
13135,9,23,24,25,29,31,12,2013-11-17,500.com
13136,4,6,14,16,18,26,6,2013-11-19,500.com
13137,4,17,19,23,24,27,10,2013-11-21,500.com
13138,4,15,16,24,27,28,3,2013-11-24,500.com
13139,7,8,11,13,21,27,8,2013-11-26,500.com
13140,1,5,12,13,21,22,10,2013-11-28,500.com
13141,3,4,5,25,30,31,4,2013-12-01,500.com
13142,11,12,14,20,22,29,14,2013-12-03,500.com
13143,12,18,21,22,27,32,11,2013-12-05,500.com
13144,5,7,12,19,27,31,2,2013-12-08,500.com
13145,6,10,13,16,23,24,15,2013-12-10,500.com
13146,8,20,25,30,32,33,1,2013-12-12,500.com
13147,2,15,16,17,19,30,8,2013-12-15,500.com
13148,6,11,12,14,17,22,1,2013-12-17,500.com
13149,9,18,25,26,30,32,11,2013-12-19,500.com
13150,1,15,16,25,26,29,10,2013-12-22,500.com
13151,3,9,10,19,28,33,9,2013-12-24,500.com
13152,4,6,14,16,18,29,5,2013-12-26,500.com
13153,8,11,13,18,28,33,10,2013-12-29,500.com
13154,7,11,14,19,24,29,5,2013-12-31,500.com
14001,3,9,15,20,27,29,1,2014-01-02,500.com
14002,4,21,23,31,32,33,4,2014-01-05,500.com
14003,6,10,11,28,30,33,12,2014-01-07,500.com
14004,1,4,19,22,24,25,15,2014-01-09,500.com
14005,15,18,23,27,32,33,4,2014-01-12,500.com
14006,3,4,7,17,21,27,14,2014-01-14,500.com
14007,8,10,12,14,18,28,14,2014-01-16,500.com
14008,5,14,16,21,29,30,12,2014-01-19,500.com
14009,8,9,19,20,25,32,16,2014-01-21,500.com
14010,5,7,8,20,31,33,11,2014-01-23,500.com
14011,9,10,13,14,21,32,2,2014-01-26,500.com
14012,1,8,11,19,21,24,8,2014-01-28,500.com
14013,5,9,13,15,17,21,13,2014-02-09,500.com
14014,4,9,19,22,25,29,15,2014-02-11,500.com
14015,2,11,19,30,32,33,9,2014-02-13,500.com
14016,2,3,7,13,21,24,8,2014-02-16,500.com
14017,4,6,7,14,25,26,10,2014-02-18,500.com
14018,13,17,18,21,30,33,15,2014-02-20,500.com
14019,2,10,15,19,20,21,7,2014-02-23,500.com
14020,9,14,17,23,24,25,15,2014-02-25,500.com
14021,8,10,15,17,22,29,12,2014-02-27,500.com
14022,4,6,7,10,21,26,16,2014-03-02,500.com
14023,7,9,13,17,21,22,10,2014-03-04,500.com
14024,8,10,16,20,23,30,9,2014-03-06,500.com
14025,1,5,10,14,16,30,16,2014-03-09,500.com
14026,1,2,5,6,11,23,14,2014-03-11,500.com
14027,8,10,14,16,30,31,1,2014-03-13,500.com
14028,6,16,21,27,30,32,5,2014-03-16,500.com
14029,2,7,14,16,21,29,14,2014-03-18,500.com
14030,12,18,19,23,24,30,10,2014-03-20,500.com
14031,4,10,16,17,21,27,14,2014-03-23,500.com
14032,1,2,14,22,29,33,7,2014-03-25,500.com
14033,5,13,23,28,32,33,12,2014-03-27,500.com
14034,1,3,4,8,25,31,6,2014-03-30,500.com
14035,7,8,9,17,32,33,6,2014-04-01,500.com
14036,1,7,8,9,11,22,3,2014-04-03,500.com
14037,6,13,14,24,25,30,7,2014-04-06,500.com
14038,4,7,22,23,24,33,16,2014-04-08,500.com
14039,3,11,15,19,20,31,7,2014-04-10,500.com
14040,3,4,6,11,12,15,8,2014-04-13,500.com
14041,7,11,16,18,21,22,2,2014-04-15,500.com
14042,12,15,20,25,28,33,14,2014-04-17,500.com
14043,2,5,9,14,24,33,9,2014-04-20,500.com
14044,4,9,21,27,28,33,12,2014-04-22,500.com
14045,2,4,9,11,19,22,15,2014-04-24,500.com
14046,2,10,11,17,18,22,10,2014-04-27,500.com
14047,8,10,11,12,19,29,15,2014-04-29,500.com
14048,6,9,16,17,24,25,16,2014-05-01,500.com
14049,6,7,16,17,23,32,6,2014-05-04,500.com
14050,3,17,23,25,26,32,13,2014-05-06,500.com
14051,10,16,19,21,23,24,13,2014-05-08,500.com
14052,9,13,15,28,30,33,8,2014-05-11,500.com
14053,14,17,19,22,26,31,2,2014-05-13,500.com
14054,1,4,5,11,29,30,14,2014-05-15,500.com
14055,2,9,14,19,21,30,4,2014-05-18,500.com
14056,1,11,18,20,28,29,1,2014-05-20,500.com
14057,2,4,12,18,23,31,8,2014-05-22,500.com
14058,2,3,12,13,14,25,11,2014-05-25,500.com
14059,5,8,12,13,23,25,13,2014-05-27,500.com
14060,3,5,14,18,25,33,6,2014-05-29,500.com
14061,2,14,17,27,28,31,8,2014-06-01,500.com
14062,6,9,15,24,25,26,9,2014-06-03,500.com
14063,3,8,17,21,22,31,16,2014-06-05,500.com
14064,2,9,15,16,29,32,14,2014-06-08,500.com
14065,3,4,5,8,10,22,6,2014-06-10,500.com
14066,2,5,15,17,18,21,16,2014-06-12,500.com
14067,1,6,7,17,18,23,6,2014-06-15,500.com
14068,4,12,13,22,27,29,16,2014-06-17,500.com
14069,5,12,17,19,25,30,11,2014-06-19,500.com
14070,1,7,9,19,28,29,7,2014-06-22,500.com
14071,2,4,12,17,22,25,14,2014-06-24,500.com
14072,1,3,7,13,19,32,16,2014-06-26,500.com
14073,1,12,16,20,30,33,2,2014-06-29,500.com
14074,1,3,6,13,30,31,12,2014-07-01,500.com
14075,3,9,11,22,27,29,6,2014-07-03,500.com
14076,6,10,12,17,18,33,11,2014-07-06,500.com
14077,8,9,12,15,19,22,10,2014-07-08,500.com
14078,2,3,5,6,9,17,7,2014-07-10,500.com
14079,2,7,16,22,27,28,2,2014-07-13,500.com
14080,5,14,16,17,25,30,7,2014-07-15,500.com
14081,8,14,22,24,27,29,10,2014-07-17,500.com
14082,2,4,20,25,26,29,11,2014-07-20,500.com
14083,5,6,19,21,23,33,12,2014-07-22,500.com
14084,1,6,9,10,13,25,8,2014-07-24,500.com
14085,1,2,11,19,23,29,8,2014-07-27,500.com
14086,2,4,10,12,14,30,8,2014-07-29,500.com
14087,6,18,22,23,32,33,6,2014-07-31,500.com
14088,3,6,11,14,16,29,15,2014-08-03,500.com
14089,4,6,14,17,27,30,9,2014-08-05,500.com
14090,5,9,11,19,24,32,13,2014-08-07,500.com
14091,1,5,12,19,27,29,14,2014-08-10,500.com
14092,3,13,18,19,22,26,7,2014-08-12,500.com
14093,2,8,9,10,20,29,5,2014-08-14,500.com
14094,1,10,18,20,23,29,1,2014-08-17,500.com
14095,5,6,8,14,22,31,8,2014-08-19,500.com
14096,12,14,17,19,22,24,8,2014-08-21,500.com
14097,7,13,24,25,27,32,15,2014-08-24,500.com
14098,2,13,17,20,29,31,7,2014-08-26,500.com
14099,1,5,10,11,13,32,14,2014-08-28,500.com
14100,1,6,9,10,14,16,11,2014-08-31,500.com
14101,16,18,20,23,24,32,7,2014-09-02,500.com
14102,14,16,21,24,28,31,13,2014-09-04,500.com
14103,3,8,9,10,18,33,4,2014-09-07,500.com
14104,2,6,12,19,27,28,13,2014-09-09,500.com
14105,14,16,17,19,27,32,4,2014-09-11,500.com
14106,9,14,17,18,21,25,15,2014-09-14,500.com
14107,11,14,17,22,25,27,16,2014-09-16,500.com
14108,3,8,9,20,23,28,2,2014-09-18,500.com
14109,2,5,11,15,19,28,2,2014-09-21,500.com
14110,1,8,11,13,19,30,6,2014-09-23,500.com
14111,2,8,17,20,22,28,2,2014-09-25,500.com
14112,1,15,16,21,24,30,3,2014-09-28,500.com
14113,12,14,28,31,32,33,7,2014-09-30,500.com
14114,2,7,23,30,32,33,10,2014-10-02,500.com
14115,1,9,10,11,13,32,3,2014-10-05,500.com
14116,9,10,14,15,19,29,16,2014-10-07,500.com
14117,5,10,17,25,28,29,4,2014-10-09,500.com
14118,5,7,15,18,26,30,3,2014-10-12,500.com
14119,6,13,17,20,26,29,9,2014-10-14,500.com
14120,1,7,12,16,23,28,4,2014-10-16,500.com
14121,1,2,13,22,28,30,9,2014-10-19,500.com
14122,6,9,11,16,20,29,11,2014-10-21,500.com
14123,1,6,11,17,28,33,5,2014-10-23,500.com
14124,2,17,20,24,31,33,4,2014-10-26,500.com
14125,10,11,15,26,31,32,6,2014-10-28,500.com
14126,6,11,16,17,22,27,1,2014-10-30,500.com
14127,2,10,12,21,23,27,12,2014-11-02,500.com
14128,5,7,8,17,18,24,14,2014-11-04,500.com
14129,5,8,9,20,28,32,2,2014-11-06,500.com
14130,1,2,10,24,30,33,10,2014-11-09,500.com
14131,5,17,21,22,28,32,14,2014-11-11,500.com
14132,5,6,14,15,18,33,8,2014-11-13,500.com
14133,13,14,16,23,30,31,13,2014-11-16,500.com
14134,5,16,22,23,26,28,2,2014-11-18,500.com
14135,2,4,11,13,25,33,1,2014-11-20,500.com
14136,3,16,19,27,31,32,10,2014-11-23,500.com
14137,3,6,9,11,25,29,9,2014-11-25,500.com
14138,4,6,13,29,31,33,13,2014-11-27,500.com
14139,1,14,15,20,25,29,11,2014-11-30,500.com
14140,6,10,11,14,17,33,6,2014-12-02,500.com
14141,8,9,11,16,21,24,10,2014-12-04,500.com
14142,6,21,22,23,25,28,13,2014-12-07,500.com
14143,3,12,18,20,25,26,16,2014-12-09,500.com
14144,3,5,6,9,10,27,14,2014-12-11,500.com
14145,10,12,13,23,26,29,11,2014-12-14,500.com
14146,1,6,13,20,29,32,1,2014-12-16,500.com
14147,6,7,22,26,31,32,10,2014-12-18,500.com
14148,1,2,5,12,15,16,13,2014-12-21,500.com
14149,7,9,10,15,19,33,1,2014-12-23,500.com
14150,3,8,14,22,24,32,9,2014-12-25,500.com
14151,4,5,8,11,21,27,8,2014-12-28,500.com
14152,8,13,15,20,21,25,12,2014-12-30,500.com
15001,1,7,9,16,20,23,6,2015-01-01,500.com
15002,7,15,16,25,28,32,5,2015-01-04,500.com
15003,10,15,20,23,24,31,15,2015-01-06,500.com
15004,2,14,15,16,23,24,10,2015-01-08,500.com
15005,7,10,16,17,18,32,15,2015-01-11,500.com
15006,1,10,11,29,31,33,13,2015-01-13,500.com
15007,1,7,9,17,20,33,8,2015-01-15,500.com
15008,4,7,10,16,20,22,3,2015-01-18,500.com
15009,4,7,14,17,21,25,14,2015-01-20,500.com
15010,1,2,3,8,21,31,9,2015-01-22,500.com
15011,4,14,15,17,18,20,15,2015-01-25,500.com
15012,3,5,22,23,29,31,6,2015-01-27,500.com
15013,8,9,24,25,26,29,1,2015-01-29,500.com
15014,2,12,16,19,27,30,11,2015-02-01,500.com
15015,1,7,20,24,25,33,4,2015-02-03,500.com
15016,2,6,10,15,17,31,13,2015-02-05,500.com
15017,13,18,20,25,27,33,12,2015-02-08,500.com
15018,6,9,12,14,28,29,9,2015-02-10,500.com
15019,2,6,11,19,25,26,4,2015-02-12,500.com
15020,1,4,7,19,22,23,4,2015-02-15,500.com
15021,14,15,16,17,27,28,8,2015-02-17,500.com
15022,4,7,10,16,23,25,10,2015-02-26,500.com
15023,8,9,10,13,29,30,1,2015-03-01,500.com
15024,9,11,16,18,23,24,10,2015-03-03,500.com
15025,10,11,12,15,27,32,14,2015-03-05,500.com
15026,2,13,17,21,22,33,13,2015-03-08,500.com
15027,5,7,9,16,26,29,7,2015-03-10,500.com
15028,4,7,10,26,27,28,14,2015-03-12,500.com
15029,7,14,15,19,21,28,7,2015-03-15,500.com
15030,8,11,14,15,16,26,7,2015-03-17,500.com
15031,1,5,7,22,26,32,11,2015-03-19,500.com
15032,11,14,16,18,29,32,16,2015-03-22,500.com
15033,3,6,21,29,31,32,5,2015-03-24,500.com
15034,12,13,17,18,20,27,13,2015-03-26,500.com
15035,1,8,9,22,24,33,3,2015-03-29,500.com
15036,4,6,16,17,26,33,3,2015-03-31,500.com
15037,5,7,12,18,28,31,3,2015-04-02,500.com
15038,5,6,11,12,14,33,14,2015-04-05,500.com
15039,1,13,15,26,29,30,12,2015-04-07,500.com
15040,13,16,18,27,30,32,16,2015-04-09,500.com
15041,4,9,11,17,21,25,6,2015-04-12,500.com
15042,9,10,19,21,23,32,8,2015-04-14,500.com
15043,11,12,15,24,26,27,15,2015-04-16,500.com
15044,2,3,4,13,14,16,2,2015-04-19,500.com
15045,1,5,13,22,30,31,7,2015-04-21,500.com
15046,5,7,10,14,23,31,1,2015-04-23,500.com
15047,2,3,20,24,26,27,9,2015-04-26,500.com
15048,13,16,17,22,25,27,10,2015-04-28,500.com
15049,7,12,14,17,20,23,5,2015-04-30,500.com
15050,3,9,12,16,17,31,4,2015-05-03,500.com
15051,4,10,24,26,28,32,9,2015-05-05,500.com
15052,2,4,11,16,25,26,12,2015-05-07,500.com
15053,3,7,17,22,32,33,10,2015-05-10,500.com
15054,1,2,7,10,22,26,7,2015-05-12,500.com
15055,1,10,15,18,19,28,2,2015-05-14,500.com
15056,1,7,8,16,18,20,14,2015-05-17,500.com
15057,9,20,24,25,26,32,4,2015-05-19,500.com
15058,2,9,10,18,19,20,15,2015-05-21,500.com
15059,2,6,9,16,25,32,14,2015-05-24,500.com
15060,1,3,18,27,31,32,13,2015-05-26,500.com
15061,6,18,22,26,32,33,4,2015-05-28,500.com
15062,9,14,15,18,21,26,16,2015-05-31,500.com
15063,1,7,9,16,22,32,12,2015-06-02,500.com
15064,11,12,14,17,23,27,1,2015-06-04,500.com
15065,8,10,14,19,26,29,12,2015-06-07,500.com
15066,5,8,11,17,24,28,16,2015-06-09,500.com
15067,2,5,8,24,25,31,14,2015-06-11,500.com
15068,6,15,18,21,26,27,10,2015-06-14,500.com
15069,1,13,17,18,23,30,15,2015-06-16,500.com
15070,1,7,13,19,21,29,15,2015-06-18,500.com
15071,8,18,20,28,29,31,8,2015-06-21,500.com
15072,1,3,5,20,21,31,5,2015-06-23,500.com
15073,1,2,17,22,26,27,4,2015-06-25,500.com
15074,4,7,21,25,26,29,8,2015-06-28,500.com
15075,6,11,13,19,21,32,4,2015-06-30,500.com
15076,1,9,10,19,23,27,9,2015-07-02,500.com
15077,1,6,8,10,13,27,16,2015-07-05,500.com
15078,3,7,20,22,26,29,2,2015-07-07,500.com
15079,9,14,15,20,26,32,11,2015-07-09,500.com
15080,14,17,25,27,28,30,2,2015-07-12,500.com
15081,13,20,22,26,28,31,13,2015-07-14,500.com
15082,2,8,9,14,28,30,7,2015-07-16,500.com
15083,6,7,16,18,29,32,5,2015-07-19,500.com
15084,15,18,20,22,28,29,15,2015-07-21,500.com
15085,2,8,25,27,28,29,5,2015-07-23,500.com
15086,5,6,8,16,18,22,12,2015-07-26,500.com
15087,9,15,16,19,20,28,11,2015-07-28,500.com
15088,2,12,20,24,29,31,9,2015-07-30,500.com
15089,12,14,19,27,28,29,1,2015-08-02,500.com
15090,10,12,14,22,25,33,15,2015-08-04,500.com
15091,5,7,17,19,22,31,11,2015-08-06,500.com
15092,9,15,19,21,26,27,1,2015-08-09,500.com
15093,1,3,13,21,25,31,8,2015-08-11,500.com
15094,1,4,6,13,16,17,10,2015-08-13,500.com
15095,4,15,21,28,30,31,4,2015-08-16,500.com
15096,6,16,17,23,24,31,7,2015-08-18,500.com
15097,9,12,14,20,26,27,4,2015-08-20,500.com
15098,6,9,13,26,27,33,1,2015-08-23,500.com
15099,6,7,10,11,14,22,9,2015-08-25,500.com
15100,2,3,11,17,19,21,8,2015-08-27,500.com
15101,8,16,22,24,28,29,5,2015-08-30,500.com
15102,7,9,12,14,21,23,6,2015-09-01,500.com
15103,6,8,13,26,30,32,14,2015-09-03,500.com
15104,9,18,21,23,25,26,1,2015-09-06,500.com
15105,9,10,16,19,20,26,12,2015-09-08,500.com
15106,1,3,4,23,31,32,13,2015-09-10,500.com
15107,7,14,16,18,21,25,8,2015-09-13,500.com
15108,2,12,19,22,24,27,15,2015-09-15,500.com
15109,1,8,9,16,32,33,13,2015-09-17,500.com
15110,5,7,16,17,22,23,4,2015-09-20,500.com
15111,8,14,16,18,20,30,12,2015-09-22,500.com
15112,1,3,10,19,20,27,11,2015-09-24,500.com
15113,1,5,7,8,19,27,12,2015-09-27,500.com
15114,4,7,9,13,21,26,1,2015-09-29,500.com
15115,1,7,8,14,24,32,3,2015-10-01,500.com
15116,4,6,15,23,26,28,11,2015-10-04,500.com
15117,4,11,12,18,26,32,12,2015-10-06,500.com
15118,1,4,11,21,23,31,12,2015-10-08,500.com
15119,2,8,10,18,23,31,8,2015-10-11,500.com
15120,16,21,24,26,27,29,16,2015-10-13,500.com
15121,1,3,20,21,28,29,12,2015-10-15,500.com
15122,5,7,11,16,22,25,7,2015-10-18,500.com
15123,5,8,9,12,22,28,7,2015-10-20,500.com
15124,2,3,5,12,18,27,1,2015-10-22,500.com
15125,5,13,22,27,30,33,10,2015-10-25,500.com
15126,10,11,15,20,23,29,12,2015-10-27,500.com
15127,7,10,19,22,27,33,6,2015-10-29,500.com
15128,1,3,8,11,22,28,6,2015-11-01,500.com
15129,5,8,11,16,18,27,4,2015-11-03,500.com
15130,6,14,15,16,17,22,10,2015-11-05,500.com
15131,10,12,13,19,22,26,3,2015-11-08,500.com
15132,3,5,11,28,30,33,1,2015-11-10,500.com
15133,2,3,13,20,22,24,15,2015-11-12,500.com
15134,2,5,14,19,27,31,4,2015-11-15,500.com
15135,1,12,14,18,26,32,7,2015-11-17,500.com
15136,2,5,12,23,28,29,1,2015-11-19,500.com
15137,14,22,23,27,28,31,12,2015-11-22,500.com
15138,1,2,8,16,19,24,11,2015-11-24,500.com
15139,1,10,13,18,25,27,9,2015-11-26,500.com
15140,6,20,28,29,30,31,12,2015-11-29,500.com
15141,3,8,19,25,27,28,2,2015-12-01,500.com
15142,13,17,19,20,22,25,11,2015-12-03,500.com
15143,13,15,19,20,21,32,4,2015-12-06,500.com
15144,1,4,7,15,28,32,16,2015-12-08,500.com
15145,7,8,15,19,20,24,13,2015-12-10,500.com
15146,16,17,21,28,30,32,15,2015-12-13,500.com
15147,8,9,16,23,24,30,5,2015-12-15,500.com
15148,9,13,14,22,26,27,7,2015-12-17,500.com
15149,9,10,20,21,22,33,9,2015-12-20,500.com
15150,1,3,8,11,29,31,13,2015-12-22,500.com
15151,5,6,8,23,31,32,11,2015-12-24,500.com
15152,11,18,19,21,29,32,12,2015-12-27,500.com
15153,8,11,15,22,27,29,3,2015-12-29,500.com
15154,7,9,11,15,18,25,7,2015-12-31,500.com
16001,6,13,16,18,20,22,13,2016-01-03,500.com
16002,9,14,17,20,24,30,16,2016-01-05,500.com
16003,1,10,14,23,26,28,1,2016-01-07,500.com
16004,8,10,17,22,25,33,12,2016-01-10,500.com
16005,11,14,18,20,31,33,14,2016-01-12,500.com
16006,13,16,18,20,28,31,12,2016-01-14,500.com
16007,5,12,14,20,27,29,6,2016-01-17,500.com
16008,2,15,24,29,32,33,2,2016-01-19,500.com
16009,10,14,24,25,27,32,4,2016-01-21,500.com
16010,2,4,12,14,19,25,6,2016-01-24,500.com
16011,3,8,10,15,22,29,12,2016-01-26,500.com
16012,7,12,14,16,27,32,15,2016-01-28,500.com
16013,7,12,21,22,26,31,1,2016-01-31,500.com
16014,2,8,10,18,20,27,7,2016-02-02,500.com
16015,1,2,14,22,25,26,7,2016-02-04,500.com
16016,1,20,22,24,25,26,16,2016-02-14,500.com
16017,5,6,8,20,22,30,5,2016-02-16,500.com
16018,12,13,14,17,21,25,4,2016-02-18,500.com
16019,6,13,16,17,23,30,10,2016-02-21,500.com
16020,1,2,10,12,22,24,10,2016-02-23,500.com
16021,9,11,13,22,24,26,5,2016-02-25,500.com
16022,4,9,19,22,23,30,7,2016-02-28,500.com
16023,3,6,10,19,25,29,7,2016-03-01,500.com
16024,2,5,7,14,18,31,13,2016-03-03,500.com
16025,4,11,12,17,24,30,12,2016-03-06,500.com
16026,4,9,12,28,30,33,1,2016-03-08,500.com
16027,11,13,15,17,19,31,5,2016-03-10,500.com
16028,6,8,12,21,25,29,1,2016-03-13,500.com
16029,12,15,18,20,21,27,15,2016-03-15,500.com
16030,10,14,19,22,25,29,12,2016-03-17,500.com
16031,3,8,10,19,26,33,3,2016-03-20,500.com
16032,8,12,14,15,21,27,15,2016-03-22,500.com
16033,6,17,18,20,27,29,15,2016-03-24,500.com
16034,3,15,21,22,23,28,15,2016-03-27,500.com
16035,4,13,19,20,26,29,11,2016-03-29,500.com
16036,3,4,7,9,20,22,3,2016-03-31,500.com
16037,6,15,26,31,32,33,16,2016-04-03,500.com
16038,3,12,13,22,28,29,3,2016-04-05,500.com
16039,1,3,7,18,19,27,16,2016-04-07,500.com
16040,3,13,19,20,23,26,3,2016-04-10,500.com
16041,12,17,18,21,22,24,4,2016-04-12,500.com
16042,7,14,17,23,26,31,9,2016-04-14,500.com
16043,5,14,20,26,30,33,12,2016-04-17,500.com
16044,1,3,10,12,18,30,1,2016-04-19,500.com
16045,4,9,12,17,30,32,3,2016-04-21,500.com
16046,7,20,25,26,27,30,14,2016-04-24,500.com
16047,2,5,8,15,17,22,16,2016-04-26,500.com
16048,3,8,13,14,15,30,4,2016-04-28,500.com
16049,6,8,13,14,22,27,10,2016-05-01,500.com
16050,9,12,24,28,29,30,2,2016-05-03,500.com
16051,1,2,4,9,15,33,12,2016-05-05,500.com
16052,1,6,13,19,24,28,16,2016-05-08,500.com
16053,2,8,10,12,29,31,1,2016-05-10,500.com
16054,6,11,16,19,28,32,4,2016-05-12,500.com
16055,5,6,10,16,22,26,11,2016-05-15,500.com
16056,3,4,8,11,16,18,14,2016-05-17,500.com
16057,7,12,19,22,23,26,11,2016-05-19,500.com
16058,3,5,18,20,24,32,11,2016-05-22,500.com
16059,4,11,12,20,25,28,15,2016-05-24,500.com
16060,4,5,22,26,29,32,8,2016-05-26,500.com
16061,5,6,8,18,20,32,8,2016-05-29,500.com
16062,12,13,15,18,19,21,9,2016-05-31,500.com
16063,16,17,18,23,28,32,7,2016-06-02,500.com
16064,3,12,14,17,19,26,3,2016-06-05,500.com
16065,13,16,22,25,26,27,14,2016-06-07,500.com
16066,3,7,13,18,19,20,5,2016-06-09,500.com
16067,9,13,18,20,27,31,4,2016-06-12,500.com
16068,8,19,23,28,31,32,1,2016-06-14,500.com
16069,8,10,11,20,21,27,11,2016-06-16,500.com
16070,3,6,11,18,23,29,1,2016-06-19,500.com
16071,19,21,26,28,29,32,1,2016-06-21,500.com
16072,5,16,19,22,24,25,2,2016-06-23,500.com
16073,9,11,12,15,16,20,13,2016-06-26,500.com
16074,6,10,11,12,20,25,12,2016-06-28,500.com
16075,1,3,6,16,29,32,7,2016-06-30,500.com
16076,7,8,13,22,30,32,1,2016-07-03,500.com
16077,1,9,17,19,20,29,10,2016-07-05,500.com
16078,2,4,8,23,26,29,2,2016-07-07,500.com
16079,1,3,10,12,24,28,2,2016-07-10,500.com
16080,1,16,17,24,25,32,14,2016-07-12,500.com
16081,2,6,15,25,30,32,7,2016-07-14,500.com
16082,6,12,14,15,17,20,9,2016-07-17,500.com
16083,9,16,17,24,30,31,4,2016-07-19,500.com
16084,2,4,12,18,24,26,5,2016-07-21,500.com
16085,1,12,19,20,21,25,16,2016-07-24,500.com
16086,9,10,11,12,15,32,5,2016-07-26,500.com
16087,2,3,10,11,14,21,12,2016-07-28,500.com
16088,3,14,16,18,25,33,15,2016-07-31,500.com
16089,1,3,14,30,31,32,8,2016-08-02,500.com
16090,2,13,17,20,21,26,7,2016-08-04,500.com
16091,4,8,14,22,23,28,7,2016-08-07,500.com
16092,2,13,15,23,24,29,6,2016-08-09,500.com
16093,6,9,15,17,25,27,9,2016-08-11,500.com
16094,6,7,10,12,18,31,10,2016-08-14,500.com
16095,1,5,9,12,18,32,12,2016-08-16,500.com
16096,6,13,14,21,22,24,16,2016-08-18,500.com
16097,6,13,25,26,28,31,1,2016-08-21,500.com
16098,2,8,25,29,31,32,6,2016-08-23,500.com
16099,1,11,21,23,27,33,6,2016-08-25,500.com
16100,3,10,22,23,27,29,4,2016-08-28,500.com
16101,1,3,19,24,32,33,1,2016-08-30,500.com
16102,5,8,10,14,17,30,13,2016-09-01,500.com
16103,1,5,13,19,24,27,11,2016-09-04,500.com
16104,5,9,11,18,30,31,4,2016-09-06,500.com
16105,8,10,19,27,28,31,16,2016-09-08,500.com
16106,4,5,13,22,25,30,4,2016-09-11,500.com
16107,6,11,18,26,27,32,1,2016-09-13,500.com
16108,2,3,7,8,19,26,16,2016-09-15,500.com
16109,9,11,15,16,27,33,5,2016-09-18,500.com
16110,5,7,28,31,32,33,8,2016-09-20,500.com
16111,2,4,7,14,15,32,4,2016-09-22,500.com
16112,6,12,14,15,18,25,12,2016-09-25,500.com
16113,1,11,16,17,20,26,14,2016-09-27,500.com
16114,5,16,20,22,27,29,9,2016-09-29,500.com
16115,6,8,20,22,26,27,9,2016-10-02,500.com
16116,7,18,20,23,27,31,13,2016-10-04,500.com
16117,3,10,14,17,28,33,2,2016-10-06,500.com
16118,9,14,22,23,31,33,14,2016-10-09,500.com
16119,9,19,21,30,31,32,4,2016-10-11,500.com
16120,2,5,6,21,25,28,9,2016-10-13,500.com
16121,2,3,10,23,25,28,9,2016-10-16,500.com
16122,15,22,23,24,28,29,8,2016-10-18,500.com
16123,7,9,12,14,20,27,16,2016-10-20,500.com
16124,9,15,21,24,27,32,10,2016-10-23,500.com
16125,1,6,8,20,27,30,3,2016-10-25,500.com
16126,2,6,12,17,18,19,10,2016-10-27,500.com
16127,7,12,17,26,29,31,16,2016-10-30,500.com
16128,4,9,11,17,26,27,13,2016-11-01,500.com
16129,5,6,8,21,31,33,14,2016-11-03,500.com
16130,3,17,21,23,27,28,1,2016-11-06,500.com
16131,4,10,18,19,25,27,2,2016-11-08,500.com
16132,5,8,13,19,27,28,7,2016-11-10,500.com
16133,15,16,21,22,27,33,15,2016-11-13,500.com
16134,11,12,13,14,18,33,13,2016-11-15,500.com
16135,2,8,10,18,20,33,12,2016-11-17,500.com
16136,2,7,10,20,27,29,3,2016-11-20,500.com
16137,1,6,9,10,15,32,14,2016-11-22,500.com
16138,7,16,20,24,25,30,7,2016-11-24,500.com
16139,1,6,19,26,28,30,3,2016-11-27,500.com
16140,1,2,5,17,26,32,10,2016-11-29,500.com
16141,4,13,15,17,21,24,15,2016-12-01,500.com
16142,1,10,17,21,23,30,12,2016-12-04,500.com
16143,6,9,23,24,25,33,13,2016-12-06,500.com
16144,4,10,12,27,32,33,5,2016-12-08,500.com
16145,1,3,7,12,19,20,6,2016-12-11,500.com
16146,3,7,15,16,17,23,10,2016-12-13,500.com
16147,4,14,18,28,31,32,12,2016-12-15,500.com
16148,1,2,11,20,26,30,14,2016-12-18,500.com
16149,3,20,23,26,32,33,7,2016-12-20,500.com
16150,2,4,5,9,13,21,5,2016-12-22,500.com
16151,6,11,16,20,22,33,7,2016-12-25,500.com
16152,2,8,9,16,20,22,7,2016-12-27,500.com
16153,7,9,16,24,25,29,6,2016-12-29,500.com
17001,9,11,14,20,25,26,15,2017-01-01,500.com
17002,15,19,23,24,25,32,3,2017-01-03,500.com
17003,1,4,8,15,27,32,16,2017-01-05,500.com
17004,5,13,17,26,27,30,7,2017-01-08,500.com
17005,6,11,12,22,23,30,5,2017-01-10,500.com
17006,2,4,8,26,29,33,8,2017-01-12,500.com
17007,2,4,5,24,26,33,15,2017-01-15,500.com
17008,7,13,15,27,28,29,13,2017-01-17,500.com
17009,2,6,8,9,15,29,14,2017-01-19,500.com
17010,5,8,19,25,28,30,7,2017-01-22,500.com
17011,10,11,12,23,26,29,16,2017-01-24,500.com
17012,10,11,14,15,16,24,7,2017-01-26,500.com
17013,8,11,28,29,31,33,6,2017-02-05,500.com
17014,6,8,18,20,23,31,13,2017-02-07,500.com
17015,1,8,9,14,17,32,1,2017-02-09,500.com
17016,5,8,16,22,27,29,2,2017-02-12,500.com
17017,3,7,8,10,22,23,12,2017-02-14,500.com
17018,1,2,3,17,25,31,9,2017-02-16,500.com
17019,4,6,8,12,23,25,8,2017-02-19,500.com
17020,4,8,10,12,31,33,10,2017-02-21,500.com
17021,2,5,10,22,32,33,9,2017-02-23,500.com
17022,2,6,15,16,18,32,15,2017-02-26,500.com
17023,1,3,4,11,18,22,14,2017-02-28,500.com
17024,9,21,25,26,29,31,13,2017-03-02,500.com
17025,2,15,16,17,22,32,7,2017-03-05,500.com
17026,3,10,12,19,27,30,8,2017-03-07,500.com
17027,2,4,11,14,27,30,5,2017-03-09,500.com
17028,7,8,12,13,22,30,9,2017-03-12,500.com
17029,2,15,21,23,25,30,10,2017-03-14,500.com
17030,1,7,9,20,23,30,2,2017-03-16,500.com
17031,6,10,16,26,27,29,3,2017-03-19,500.com
17032,5,8,15,24,27,31,11,2017-03-21,500.com
17033,5,7,15,20,23,30,15,2017-03-23,500.com
17034,4,7,8,19,32,33,13,2017-03-26,500.com
17035,1,6,14,24,28,32,12,2017-03-28,500.com
17036,1,2,5,10,24,27,15,2017-03-30,500.com
17037,11,15,20,22,25,30,5,2017-04-02,500.com
17038,1,4,8,13,24,27,5,2017-04-04,500.com
17039,2,4,12,14,17,24,15,2017-04-06,500.com
17040,15,19,23,28,29,33,4,2017-04-09,500.com
17041,4,10,13,15,22,27,4,2017-04-11,500.com
17042,1,2,4,7,10,23,4,2017-04-13,500.com
17043,8,13,16,23,27,31,8,2017-04-16,500.com
17044,8,16,19,21,31,32,6,2017-04-18,500.com
17045,5,7,16,20,21,25,5,2017-04-20,500.com
17046,4,13,14,23,26,32,10,2017-04-23,500.com
17047,2,5,8,10,32,33,2,2017-04-25,500.com
17048,5,8,9,14,15,19,7,2017-04-27,500.com
17049,1,8,14,15,20,29,10,2017-04-30,500.com
17050,10,12,20,24,27,29,7,2017-05-02,500.com
17051,2,5,9,15,24,25,11,2017-05-04,500.com
17052,7,8,18,24,29,31,7,2017-05-07,500.com
17053,4,9,11,15,29,31,6,2017-05-09,500.com
17054,2,3,9,23,28,33,8,2017-05-11,500.com
17055,7,12,13,20,24,31,5,2017-05-14,500.com
17056,13,14,18,19,21,28,6,2017-05-16,500.com
17057,18,20,22,23,30,31,16,2017-05-18,500.com
17058,1,9,13,22,28,32,11,2017-05-21,500.com
17059,4,8,9,15,19,25,9,2017-05-23,500.com
17060,5,10,13,24,26,31,4,2017-05-25,500.com
17061,6,7,12,20,26,27,11,2017-05-28,500.com
17062,1,7,22,24,26,31,10,2017-05-30,500.com
17063,12,16,20,22,25,31,4,2017-06-01,500.com
17064,2,10,16,22,24,28,15,2017-06-04,500.com
17065,2,5,8,10,12,21,7,2017-06-06,500.com
17066,1,4,6,17,19,26,3,2017-06-08,500.com
17067,1,3,4,10,18,29,4,2017-06-11,500.com
17068,2,6,10,22,30,31,15,2017-06-13,500.com
17069,2,11,12,23,29,31,5,2017-06-15,500.com
17070,1,6,14,22,25,26,12,2017-06-18,500.com
17071,2,3,6,14,31,32,3,2017-06-20,500.com
17072,6,11,14,23,26,30,2,2017-06-22,500.com
17073,3,6,16,23,26,30,14,2017-06-25,500.com
17074,2,6,16,23,30,31,2,2017-06-27,500.com
17075,1,3,6,19,21,29,7,2017-06-29,500.com
17076,1,4,8,9,14,15,13,2017-07-02,500.com
17077,1,2,4,15,17,22,14,2017-07-04,500.com
17078,5,7,18,19,22,24,16,2017-07-06,500.com
17079,3,7,14,23,25,27,8,2017-07-09,500.com
17080,1,12,16,20,22,24,8,2017-07-11,500.com
17081,3,5,14,25,26,30,5,2017-07-13,500.com
17082,14,18,21,25,28,29,10,2017-07-16,500.com
17083,3,8,14,20,24,26,12,2017-07-18,500.com
17084,1,5,11,20,22,24,2,2017-07-20,500.com
17085,1,5,6,16,25,30,9,2017-07-23,500.com
17086,3,5,6,13,20,22,7,2017-07-25,500.com
17087,3,6,13,14,19,28,6,2017-07-27,500.com
17088,7,9,18,22,23,29,6,2017-07-30,500.com
17089,11,12,13,16,23,25,12,2017-08-01,500.com
17090,1,7,10,16,22,33,9,2017-08-03,500.com
17091,5,7,10,23,28,29,3,2017-08-06,500.com
17092,10,18,19,29,32,33,9,2017-08-08,500.com
17093,7,8,9,15,22,27,12,2017-08-10,500.com
17094,8,11,13,19,28,31,6,2017-08-13,500.com
17095,9,10,12,19,22,29,16,2017-08-15,500.com
17096,2,6,11,12,19,29,6,2017-08-17,500.com
17097,5,10,18,19,30,31,3,2017-08-20,500.com
17098,4,19,22,27,30,33,1,2017-08-22,500.com
17099,2,5,6,16,28,29,4,2017-08-24,500.com
17100,4,7,8,18,23,24,2,2017-08-27,500.com
17101,1,4,11,28,31,32,16,2017-08-29,500.com
17102,4,8,10,14,18,20,11,2017-08-31,500.com
17103,1,21,23,25,31,33,1,2017-09-03,500.com
17104,1,14,15,20,23,30,14,2017-09-05,500.com
17105,3,6,7,12,25,26,7,2017-09-07,500.com
17106,12,15,20,25,27,31,2,2017-09-10,500.com
17107,8,9,15,17,30,32,6,2017-09-12,500.com
17108,7,12,14,15,17,20,1,2017-09-14,500.com
17109,8,14,16,18,21,23,16,2017-09-17,500.com
17110,1,3,12,15,19,23,14,2017-09-19,500.com
17111,5,10,17,19,29,32,12,2017-09-21,500.com
17112,3,10,14,16,22,23,11,2017-09-24,500.com
17113,4,6,16,27,29,33,5,2017-09-26,500.com
17114,6,12,13,15,18,26,13,2017-09-28,500.com
17115,4,10,11,25,30,31,1,2017-10-01,500.com
17116,2,14,20,22,30,32,2,2017-10-03,500.com
17117,1,2,8,11,14,21,9,2017-10-05,500.com
17118,8,9,15,22,30,33,16,2017-10-08,500.com
17119,9,16,21,25,26,31,14,2017-10-10,500.com
17120,8,10,15,19,23,28,16,2017-10-12,500.com
17121,11,18,19,22,24,32,7,2017-10-15,500.com
17122,11,20,21,22,24,27,15,2017-10-17,500.com
17123,4,5,6,11,21,31,10,2017-10-19,500.com
17124,2,6,11,26,28,29,3,2017-10-22,500.com
17125,1,14,23,25,29,30,3,2017-10-24,500.com
17126,1,16,17,21,27,30,16,2017-10-26,500.com
17127,14,15,21,24,27,32,12,2017-10-29,500.com
17128,2,6,13,22,29,31,8,2017-10-31,500.com
17129,5,6,9,14,21,33,2,2017-11-02,500.com
17130,5,13,14,23,25,31,2,2017-11-05,500.com
17131,1,7,10,11,26,27,11,2017-11-07,500.com
17132,2,3,5,9,13,28,11,2017-11-09,500.com
17133,6,15,17,18,23,30,11,2017-11-12,500.com
17134,4,5,11,14,28,32,4,2017-11-14,500.com
17135,1,6,7,14,18,26,16,2017-11-16,500.com
17136,3,7,10,18,21,24,12,2017-11-19,500.com
17137,5,10,20,23,26,31,3,2017-11-21,500.com
17138,1,17,24,28,32,33,2,2017-11-23,500.com
17139,2,14,20,24,28,32,16,2017-11-26,500.com
17140,21,22,25,28,29,30,8,2017-11-28,500.com
17141,1,6,7,11,13,15,5,2017-11-30,500.com
17142,8,13,14,18,23,33,6,2017-12-03,500.com
17143,4,6,9,14,20,29,14,2017-12-05,500.com
17144,3,14,16,20,31,32,9,2017-12-07,500.com
17145,2,6,12,17,25,28,12,2017-12-10,500.com
17146,1,19,25,26,27,33,10,2017-12-12,500.com
17147,3,7,20,21,25,31,14,2017-12-14,500.com
17148,4,7,11,14,29,32,12,2017-12-17,500.com
17149,5,8,15,20,27,30,13,2017-12-19,500.com
17150,6,14,19,20,21,23,8,2017-12-21,500.com
17151,2,5,7,9,11,27,16,2017-12-24,500.com
17152,6,10,23,25,26,29,5,2017-12-26,500.com
17153,7,11,12,13,18,19,16,2017-12-28,500.com
17154,5,9,13,15,18,26,5,2017-12-31,500.com
18001,1,8,11,26,28,31,4,2018-01-02,500.com
18002,7,18,24,29,31,33,16,2018-01-04,500.com
18003,1,14,16,17,20,31,4,2018-01-07,500.com
18004,14,18,19,26,30,31,11,2018-01-09,500.com
18005,2,20,21,28,31,33,6,2018-01-11,500.com
18006,2,7,8,9,17,29,11,2018-01-14,500.com
18007,13,14,20,25,27,31,12,2018-01-16,500.com
18008,5,9,10,12,17,19,13,2018-01-18,500.com
18009,5,10,17,23,26,32,7,2018-01-21,500.com
18010,1,8,17,20,21,22,3,2018-01-23,500.com
18011,3,10,21,23,27,33,11,2018-01-25,500.com
18012,11,12,13,19,26,28,12,2018-01-28,500.com
18013,6,8,13,15,22,33,6,2018-01-30,500.com
18014,9,12,20,24,28,31,7,2018-02-01,500.com
18015,11,15,20,21,26,33,15,2018-02-04,500.com
18016,1,11,12,18,25,27,16,2018-02-06,500.com
18017,3,6,11,26,30,32,12,2018-02-08,500.com
18018,2,12,13,18,25,27,7,2018-02-11,500.com
18019,3,11,12,16,21,23,9,2018-02-13,500.com
18020,6,9,10,14,28,30,5,2018-02-22,500.com
18021,3,4,6,11,23,28,14,2018-02-25,500.com
18022,7,14,19,21,22,23,3,2018-02-27,500.com
18023,12,15,16,21,26,29,16,2018-03-01,500.com
18024,11,19,22,26,31,32,2,2018-03-04,500.com
18025,4,13,16,19,21,25,14,2018-03-06,500.com
18026,4,7,12,14,26,32,4,2018-03-08,500.com
18027,2,7,9,14,18,28,5,2018-03-11,500.com
18028,3,8,11,14,18,23,16,2018-03-13,500.com
18029,1,2,9,14,22,25,5,2018-03-15,500.com
18030,13,14,20,21,25,33,7,2018-03-18,500.com
18031,2,16,18,19,27,30,14,2018-03-20,500.com
18032,21,22,23,24,25,32,6,2018-03-22,500.com
18033,4,19,20,22,28,33,6,2018-03-25,500.com
18034,1,5,11,22,23,26,15,2018-03-27,500.com
18035,7,10,11,17,23,28,15,2018-03-29,500.com
18036,8,17,24,26,28,33,4,2018-04-01,500.com
18037,1,6,7,8,27,30,10,2018-04-03,500.com
18038,15,23,24,25,28,29,9,2018-04-05,500.com
18039,8,12,18,19,23,32,3,2018-04-08,500.com
18040,1,3,8,13,18,23,16,2018-04-10,500.com
18041,7,8,20,23,24,32,13,2018-04-12,500.com
18042,6,10,21,28,29,31,12,2018-04-15,500.com
18043,1,4,6,8,21,24,7,2018-04-17,500.com
18044,5,9,12,17,27,30,6,2018-04-19,500.com
18045,3,4,6,25,26,30,1,2018-04-22,500.com
18046,10,13,14,18,20,31,3,2018-04-24,500.com
18047,6,7,12,16,22,25,7,2018-04-26,500.com
18048,1,12,20,25,30,31,2,2018-04-29,500.com
18049,1,3,4,11,19,23,2,2018-05-01,500.com
18050,1,2,4,10,18,19,7,2018-05-03,500.com
18051,5,7,20,23,27,31,4,2018-05-06,500.com
18052,3,5,6,9,15,32,14,2018-05-08,500.com
18053,1,4,10,11,14,27,6,2018-05-10,500.com
18054,4,6,18,22,25,33,16,2018-05-13,500.com
18055,7,9,10,12,22,26,7,2018-05-15,500.com
18056,1,3,6,20,21,26,1,2018-05-17,500.com
18057,5,15,17,19,20,30,13,2018-05-20,500.com
18058,7,12,13,16,26,31,7,2018-05-22,500.com
18059,4,6,8,13,22,32,11,2018-05-24,500.com
18060,4,8,13,25,30,31,10,2018-05-27,500.com
18061,9,10,11,12,18,23,7,2018-05-29,500.com
18062,2,18,19,24,25,33,11,2018-05-31,500.com
18063,5,6,10,16,20,25,12,2018-06-03,500.com
18064,2,5,10,11,17,21,5,2018-06-05,500.com
18065,1,4,6,14,28,33,1,2018-06-07,500.com
18066,9,16,17,19,22,26,10,2018-06-10,500.com
18067,1,4,9,12,15,18,5,2018-06-12,500.com
18068,8,10,17,20,27,30,1,2018-06-14,500.com
18069,6,13,17,19,23,31,12,2018-06-17,500.com
18070,4,9,15,16,19,27,10,2018-06-19,500.com
18071,2,5,6,13,16,19,3,2018-06-21,500.com
18072,11,16,19,22,25,30,8,2018-06-24,500.com
18073,2,9,14,15,16,23,10,2018-06-26,500.com
18074,9,11,14,20,27,30,9,2018-06-28,500.com
18075,7,9,12,13,22,24,11,2018-07-01,500.com
18076,3,7,8,15,29,30,13,2018-07-03,500.com
18077,2,5,9,15,20,24,10,2018-07-05,500.com
18078,3,10,14,17,18,30,12,2018-07-08,500.com
18079,14,15,17,22,24,29,13,2018-07-10,500.com
18080,4,7,13,20,29,33,3,2018-07-12,500.com
18081,1,2,12,16,20,26,3,2018-07-15,500.com
18082,6,12,14,20,22,24,9,2018-07-17,500.com
18083,4,9,18,21,32,33,3,2018-07-19,500.com
18084,5,6,8,12,22,24,3,2018-07-22,500.com
18085,4,10,25,26,30,33,6,2018-07-24,500.com
18086,2,7,17,21,23,26,16,2018-07-26,500.com
18087,1,5,10,16,18,31,3,2018-07-29,500.com
18088,3,5,12,29,30,32,14,2018-07-31,500.com
18089,6,9,12,14,18,27,14,2018-08-02,500.com
18090,1,2,4,10,14,23,7,2018-08-05,500.com
18091,6,11,13,17,25,32,7,2018-08-07,500.com
18092,6,10,16,19,24,33,16,2018-08-09,500.com
18093,4,18,20,21,29,33,7,2018-08-12,500.com
18094,4,7,16,20,24,30,5,2018-08-14,500.com
18095,10,11,12,21,26,33,9,2018-08-16,500.com
18096,1,5,9,20,28,32,12,2018-08-19,500.com
18097,1,2,17,20,25,28,13,2018-08-21,500.com
18098,6,10,11,20,29,32,13,2018-08-23,500.com
18099,3,7,8,14,25,32,6,2018-08-26,500.com
18100,2,11,14,15,29,33,2,2018-08-28,500.com
18101,1,3,14,26,29,33,9,2018-08-30,500.com
18102,2,6,11,19,21,28,5,2018-09-02,500.com
18103,2,9,15,22,23,24,16,2018-09-04,500.com
18104,2,3,6,19,25,29,1,2018-09-06,500.com
18105,4,5,13,18,19,25,1,2018-09-09,500.com
18106,4,18,19,24,25,26,10,2018-09-11,500.com
18107,1,2,5,12,20,22,1,2018-09-13,500.com
18108,5,13,18,21,26,30,2,2018-09-16,500.com
18109,10,11,18,23,31,33,15,2018-09-18,500.com
18110,11,13,16,21,22,23,2,2018-09-20,500.com
18111,1,7,14,24,25,28,8,2018-09-23,500.com
18112,5,8,18,25,26,31,4,2018-09-25,500.com
18113,1,6,9,16,25,26,9,2018-09-27,500.com
18114,1,7,15,16,20,27,14,2018-09-30,500.com
18115,1,13,19,24,26,29,11,2018-10-02,500.com
18116,5,14,17,22,23,28,15,2018-10-04,500.com
18117,8,11,15,17,23,25,5,2018-10-07,500.com
18118,8,12,21,22,27,31,9,2018-10-09,500.com
18119,3,13,14,16,25,27,12,2018-10-11,500.com
18120,3,4,18,26,27,33,1,2018-10-14,500.com
18121,6,8,14,19,23,25,11,2018-10-16,500.com
18122,5,7,20,22,30,32,10,2018-10-18,500.com
18123,13,21,24,27,31,32,1,2018-10-21,500.com
18124,9,13,14,19,22,25,2,2018-10-23,500.com
18125,3,10,11,14,15,32,2,2018-10-25,500.com
18126,1,6,8,9,14,22,5,2018-10-28,500.com
18127,2,5,6,7,11,15,12,2018-10-30,500.com
18128,6,7,8,19,22,23,2,2018-11-01,500.com
18129,2,4,6,16,18,19,16,2018-11-04,500.com
18130,5,12,17,18,24,28,12,2018-11-06,500.com
18131,21,22,24,31,32,33,1,2018-11-08,500.com
18132,1,2,9,10,15,22,6,2018-11-11,500.com
18133,2,4,11,12,18,32,13,2018-11-13,500.com
18134,3,16,18,31,32,33,12,2018-11-15,500.com
18135,1,3,6,10,11,29,16,2018-11-18,500.com
18136,10,12,15,25,26,27,14,2018-11-20,500.com
18137,3,5,11,15,20,23,9,2018-11-22,500.com
18138,1,10,25,27,30,32,9,2018-11-25,500.com
18139,11,18,20,23,31,32,15,2018-11-27,500.com
18140,1,15,20,22,25,28,14,2018-11-29,500.com
18141,11,14,16,18,24,33,4,2018-12-02,500.com
18142,5,8,10,11,27,28,11,2018-12-04,500.com
18143,4,6,15,28,32,33,14,2018-12-06,500.com
18144,8,13,17,18,20,27,13,2018-12-09,500.com
18145,3,9,13,22,23,25,6,2018-12-11,500.com
18146,2,10,11,17,18,29,16,2018-12-13,500.com
18147,3,15,17,23,27,30,11,2018-12-16,500.com
18148,3,6,18,19,21,31,1,2018-12-18,500.com
18149,1,7,8,10,12,24,1,2018-12-20,500.com
18150,6,8,15,19,20,31,5,2018-12-23,500.com
18151,5,15,19,25,26,29,15,2018-12-25,500.com
18152,4,14,16,23,28,29,3,2018-12-27,500.com
18153,1,7,17,23,25,31,11,2018-12-30,500.com
19001,6,10,13,15,32,33,15,2019-01-01,500.com
19002,4,5,6,8,9,18,11,2019-01-03,500.com
19003,13,17,20,21,22,27,1,2019-01-06,500.com
19004,8,12,16,19,26,32,3,2019-01-08,500.com
19005,21,22,26,28,31,32,7,2019-01-10,500.com
19006,1,5,10,19,26,28,12,2019-01-13,500.com
19007,6,10,14,15,19,23,15,2019-01-15,500.com
19008,2,6,9,13,28,32,12,2019-01-17,500.com
19009,1,7,10,22,31,32,15,2019-01-20,500.com
19010,2,4,5,8,11,30,2,2019-01-22,500.com
19011,10,13,19,21,24,30,7,2019-01-24,500.com
19012,7,10,21,23,31,33,14,2019-01-27,500.com
19013,5,7,14,16,18,21,1,2019-01-29,500.com
19014,1,2,3,14,19,33,3,2019-01-31,500.com
19015,11,15,16,20,24,31,4,2019-02-03,500.com
19016,5,7,9,11,19,25,5,2019-02-12,500.com
19017,4,5,24,28,30,33,9,2019-02-14,500.com
19018,4,11,18,19,26,32,4,2019-02-17,500.com
19019,3,11,17,18,24,25,6,2019-02-19,500.com
19020,2,12,13,23,27,28,12,2019-02-21,500.com
19021,2,5,7,8,20,27,4,2019-02-24,500.com
19022,3,7,11,21,30,33,7,2019-02-26,500.com
19023,1,10,14,15,18,31,13,2019-02-28,500.com
19024,1,8,23,25,28,29,10,2019-03-03,500.com
19025,15,16,21,27,30,33,4,2019-03-05,500.com
19026,3,13,15,19,20,27,14,2019-03-07,500.com
19027,2,6,8,10,11,17,13,2019-03-10,500.com
19028,4,19,22,26,29,30,11,2019-03-12,500.com
19029,8,11,17,23,32,33,10,2019-03-14,500.com
19030,4,5,7,10,12,22,16,2019-03-17,500.com
19031,3,13,15,18,21,33,16,2019-03-19,500.com
19032,4,8,9,13,28,33,4,2019-03-21,500.com
19033,9,15,19,21,23,29,15,2019-03-24,500.com
19034,9,11,15,22,24,26,3,2019-03-26,500.com
19035,1,5,7,9,10,20,16,2019-03-28,500.com
19036,2,10,13,16,23,32,8,2019-03-31,500.com
19037,1,7,12,14,18,25,10,2019-04-02,500.com
19038,9,12,21,27,29,30,5,2019-04-04,500.com
19039,6,7,11,14,27,32,8,2019-04-07,500.com
19040,5,6,9,18,23,31,11,2019-04-09,500.com
19041,2,9,13,23,24,26,16,2019-04-11,500.com
19042,15,17,19,22,25,26,4,2019-04-14,500.com
19043,1,6,12,13,24,32,13,2019-04-16,500.com
19044,6,14,16,17,23,29,7,2019-04-18,500.com
19045,1,6,17,19,27,31,14,2019-04-21,500.com
19046,2,12,16,22,25,32,6,2019-04-23,500.com
19047,3,11,18,25,30,33,14,2019-04-25,500.com
19048,3,7,10,12,18,29,10,2019-04-28,500.com
19049,3,10,13,22,23,28,15,2019-04-30,500.com
19050,4,6,10,11,21,23,2,2019-05-02,500.com
19051,8,9,10,13,15,28,9,2019-05-05,500.com
19052,3,6,9,13,16,19,16,2019-05-07,500.com
19053,4,16,22,25,29,31,8,2019-05-09,500.com
19054,7,10,11,15,24,26,11,2019-05-12,500.com
19055,1,6,11,15,19,31,10,2019-05-14,500.com
19056,13,14,17,19,21,29,1,2019-05-16,500.com
19057,4,5,6,8,13,18,16,2019-05-19,500.com
19058,7,8,12,21,23,27,12,2019-05-21,500.com
19059,4,5,7,9,16,18,6,2019-05-23,500.com
19060,3,4,14,20,23,27,1,2019-05-26,500.com
19061,3,17,19,24,27,31,12,2019-05-28,500.com
19062,7,13,16,23,26,30,1,2019-05-30,500.com
19063,1,14,19,22,29,31,16,2019-06-02,500.com
19064,12,20,24,25,30,33,12,2019-06-04,500.com
19065,6,9,11,15,20,26,10,2019-06-06,500.com
19066,1,14,17,20,22,32,4,2019-06-09,500.com
19067,4,6,8,11,30,33,11,2019-06-11,500.com
19068,3,14,20,24,26,33,10,2019-06-13,500.com
19069,6,11,16,19,21,25,1,2019-06-16,500.com
19070,6,15,18,19,24,32,9,2019-06-18,500.com
19071,1,8,19,24,29,30,4,2019-06-20,500.com
19072,2,9,13,15,22,30,15,2019-06-23,500.com
19073,1,2,6,12,16,18,8,2019-06-25,500.com
19074,12,21,27,29,31,33,4,2019-06-27,500.com
19075,5,8,20,22,31,33,3,2019-06-30,500.com
19076,12,15,19,20,29,32,14,2019-07-02,500.com
19077,9,11,13,18,21,22,15,2019-07-04,500.com
19078,1,17,27,29,31,33,12,2019-07-07,500.com
19079,1,3,6,9,19,31,16,2019-07-09,500.com
19080,3,6,8,20,24,32,7,2019-07-11,500.com
19081,5,24,27,29,31,32,10,2019-07-14,500.com
19082,7,16,19,22,24,28,2,2019-07-16,500.com
19083,6,15,17,26,28,31,3,2019-07-18,500.com
19084,4,8,14,18,20,27,3,2019-07-21,500.com
19085,1,4,14,18,24,29,4,2019-07-23,500.com
19086,16,22,24,26,28,31,6,2019-07-25,500.com
19087,4,5,7,9,21,30,4,2019-07-28,500.com
19088,13,14,15,21,23,29,13,2019-07-30,500.com
19089,2,4,14,16,20,22,11,2019-08-01,500.com
19090,2,3,6,8,14,22,4,2019-08-04,500.com
19091,7,10,21,24,29,32,11,2019-08-06,500.com
19092,9,17,27,28,32,33,8,2019-08-08,500.com
19093,5,7,8,9,20,22,2,2019-08-11,500.com
19094,5,10,12,18,19,27,6,2019-08-13,500.com
19095,2,5,14,19,21,28,1,2019-08-15,500.com
19096,5,7,12,18,27,32,11,2019-08-18,500.com
19097,3,5,18,24,25,31,9,2019-08-20,500.com
19098,3,11,12,14,17,26,9,2019-08-22,500.com
19099,7,14,22,23,27,30,8,2019-08-25,500.com
19100,1,4,12,13,30,32,8,2019-08-27,500.com
19101,1,4,9,21,31,33,5,2019-08-29,500.com
19102,3,8,12,16,20,32,12,2019-09-01,500.com
19103,4,12,14,21,27,29,12,2019-09-03,500.com
19104,1,5,16,17,18,24,10,2019-09-05,500.com
19105,2,13,15,17,26,33,1,2019-09-08,500.com
19106,2,14,22,27,30,33,14,2019-09-10,500.com
19107,2,6,8,23,27,32,2,2019-09-12,500.com
19108,7,13,19,22,25,32,13,2019-09-15,500.com
19109,3,6,7,17,28,31,10,2019-09-17,500.com
19110,1,18,22,26,27,28,8,2019-09-19,500.com
19111,7,18,20,22,24,33,1,2019-09-22,500.com
19112,3,12,14,17,23,27,1,2019-09-24,500.com
19113,1,5,19,21,25,33,15,2019-09-26,500.com
19114,2,4,9,11,12,30,1,2019-09-29,500.com
19115,4,10,11,14,15,29,5,2019-10-08,500.com
19116,1,8,9,13,16,33,1,2019-10-10,500.com
19117,3,5,11,28,32,33,1,2019-10-13,500.com
19118,12,14,15,25,28,31,4,2019-10-15,500.com
19119,4,20,22,24,26,33,7,2019-10-17,500.com
19120,10,12,27,31,32,33,3,2019-10-20,500.com
19121,2,6,15,21,30,31,2,2019-10-22,500.com
19122,4,10,15,19,21,23,2,2019-10-24,500.com
19123,2,6,8,17,28,30,6,2019-10-27,500.com
19124,4,9,30,31,32,33,1,2019-10-29,500.com
19125,2,11,12,26,27,29,3,2019-10-31,500.com
19126,2,14,17,29,32,33,16,2019-11-03,500.com
19127,2,6,7,12,17,24,10,2019-11-05,500.com
19128,3,8,12,16,17,19,8,2019-11-07,500.com
19129,3,4,7,9,15,26,7,2019-11-10,500.com
19130,1,7,9,11,24,32,16,2019-11-12,500.com
19131,9,17,19,20,24,31,4,2019-11-14,500.com
19132,4,6,11,14,19,33,7,2019-11-17,500.com
19133,3,7,16,21,24,31,7,2019-11-19,500.com
19134,1,4,6,22,29,30,3,2019-11-21,500.com
19135,3,6,10,11,27,33,3,2019-11-24,500.com
19136,12,14,15,17,29,33,12,2019-11-26,500.com
19137,7,10,13,19,23,31,6,2019-11-28,500.com
19138,2,6,12,30,31,32,11,2019-12-01,500.com
19139,8,14,20,23,30,33,11,2019-12-03,500.com
19140,2,4,9,11,14,22,5,2019-12-05,500.com
19141,10,13,14,15,17,33,14,2019-12-08,500.com
19142,8,14,24,27,29,33,9,2019-12-10,500.com
19143,5,13,15,16,26,32,9,2019-12-12,500.com
19144,2,12,15,19,27,30,3,2019-12-15,500.com
19145,1,8,13,17,18,19,16,2019-12-17,500.com
19146,1,4,10,12,30,32,14,2019-12-19,500.com
19147,1,9,12,14,23,27,12,2019-12-22,500.com
19148,9,10,13,20,26,27,8,2019-12-24,500.com
19149,1,6,27,28,31,33,7,2019-12-26,500.com
19150,2,9,14,22,27,29,2,2019-12-29,500.com
19151,2,6,9,18,24,26,14,2019-12-31,500.com
20001,2,15,23,26,29,30,2,2020-01-02,500.com
20002,4,9,14,15,16,29,11,2020-01-05,500.com
20003,9,17,26,29,30,32,3,2020-01-07,500.com
20004,2,15,17,27,32,33,3,2020-01-09,500.com
20005,11,16,17,22,26,32,4,2020-01-12,500.com
20006,3,4,5,10,16,32,9,2020-01-14,500.com
20007,5,12,17,20,25,31,10,2020-01-16,500.com
20008,1,4,6,10,11,28,16,2020-01-19,500.com
20009,3,6,8,14,19,26,12,2020-01-21,500.com
20010,11,14,22,27,31,32,9,2020-03-12,500.com
20011,4,5,7,17,18,29,1,2020-03-15,500.com
20012,4,13,14,23,26,31,9,2020-03-17,500.com
20013,2,8,10,20,21,30,14,2020-03-19,500.com
20014,2,7,8,10,12,16,7,2020-03-22,500.com
20015,8,9,22,24,30,33,1,2020-03-24,500.com
20016,5,6,8,17,24,27,7,2020-03-26,500.com
20017,2,4,7,15,20,27,4,2020-03-29,500.com
20018,5,7,8,11,17,22,13,2020-03-31,500.com
20019,15,19,27,28,30,33,3,2020-04-02,500.com
20020,1,6,9,13,15,22,14,2020-04-05,500.com
20021,2,6,14,16,27,31,7,2020-04-07,500.com
20022,2,10,20,22,25,30,2,2020-04-09,500.com
20023,4,5,20,21,30,33,8,2020-04-12,500.com
20024,10,13,27,28,29,31,8,2020-04-14,500.com
20025,1,9,10,15,20,29,2,2020-04-16,500.com
20026,1,4,9,18,19,31,6,2020-04-19,500.com
20027,12,13,14,24,25,28,6,2020-04-21,500.com
20028,5,6,15,18,26,32,8,2020-04-23,500.com
20029,1,12,18,20,30,32,5,2020-04-26,500.com
20030,17,18,21,29,30,32,3,2020-04-28,500.com
20031,2,5,9,15,16,27,9,2020-04-30,500.com
20032,3,11,13,14,15,26,13,2020-05-03,500.com
20033,7,10,12,21,31,32,1,2020-05-05,500.com
20034,2,8,15,16,26,32,3,2020-05-07,500.com
20035,10,14,24,25,28,33,11,2020-05-10,500.com
20036,7,9,16,22,24,32,6,2020-05-12,500.com
20037,1,4,11,13,17,24,15,2020-05-14,500.com
20038,1,6,7,18,23,24,15,2020-05-17,500.com
20039,2,9,10,11,16,29,2,2020-05-19,500.com
20040,1,6,12,16,19,21,4,2020-05-21,500.com
20041,6,7,16,22,24,25,13,2020-05-24,500.com
20042,2,6,7,11,14,31,3,2020-05-26,500.com
20043,1,11,24,25,27,30,7,2020-05-28,500.com
20044,7,8,16,17,19,24,7,2020-05-31,500.com
20045,2,3,15,21,22,33,16,2020-06-02,500.com
20046,13,19,25,26,27,32,8,2020-06-04,500.com
20047,4,10,17,19,28,32,1,2020-06-07,500.com
20048,12,14,18,23,30,32,2,2020-06-09,500.com
20049,1,7,9,12,18,22,4,2020-06-11,500.com
20050,4,9,17,20,32,33,15,2020-06-14,500.com
20051,3,6,8,11,19,28,8,2020-06-16,500.com
20052,2,8,13,29,32,33,15,2020-06-18,500.com
20053,2,14,15,16,32,33,1,2020-06-21,500.com
20054,3,10,19,25,26,31,2,2020-06-23,500.com
20055,1,5,7,23,28,30,12,2020-06-25,500.com
20056,2,5,8,12,26,31,14,2020-06-28,500.com
20057,9,14,21,23,26,32,3,2020-06-30,500.com
20058,1,3,11,12,19,26,7,2020-07-02,500.com
20059,2,4,10,17,22,25,14,2020-07-05,500.com
20060,5,9,14,20,24,30,8,2020-07-07,500.com
20061,8,17,24,26,27,31,4,2020-07-09,500.com
20062,10,14,17,22,26,27,5,2020-07-12,500.com
20063,12,15,16,22,29,32,14,2020-07-14,500.com
20064,1,3,7,21,27,32,1,2020-07-16,500.com
20065,9,15,18,21,23,26,8,2020-07-19,500.com
20066,2,9,13,17,26,28,7,2020-07-21,500.com
20067,4,7,9,23,27,30,8,2020-07-23,500.com
20068,12,16,21,26,27,32,10,2020-07-26,500.com
20069,3,9,10,13,18,26,4,2020-07-28,500.com
20070,1,2,4,6,19,21,15,2020-07-30,500.com
20071,9,11,12,13,22,23,8,2020-08-02,500.com
20072,6,8,10,15,17,26,4,2020-08-04,500.com
20073,5,7,11,13,27,29,3,2020-08-06,500.com
20074,4,8,9,13,19,33,12,2020-08-09,500.com
20075,3,11,13,20,24,30,16,2020-08-11,500.com
20076,10,15,16,18,20,27,6,2020-08-13,500.com
20077,3,10,16,21,25,27,12,2020-08-16,500.com
20078,3,11,14,16,21,32,4,2020-08-18,500.com
20079,5,12,20,21,22,29,14,2020-08-20,500.com
20080,14,15,18,22,31,33,1,2020-08-23,500.com
20081,1,5,13,14,27,33,15,2020-08-25,500.com
20082,2,8,11,17,21,30,9,2020-08-27,500.com
20083,1,19,25,26,30,31,12,2020-08-30,500.com
20084,3,7,16,17,23,30,7,2020-09-01,500.com
20085,1,2,5,9,19,24,16,2020-09-03,500.com
20086,2,4,6,15,24,27,6,2020-09-06,500.com
20087,11,15,20,23,25,33,10,2020-09-08,500.com
20088,1,6,12,26,29,30,12,2020-09-10,500.com
20089,2,14,16,21,29,30,10,2020-09-13,500.com
20090,2,21,23,26,31,32,6,2020-09-15,500.com
20091,1,9,11,12,16,19,16,2020-09-17,500.com
20092,1,6,12,18,22,24,3,2020-09-20,500.com
20093,4,5,10,13,15,19,15,2020-09-22,500.com
20094,10,15,17,27,29,31,8,2020-09-24,500.com
20095,3,9,16,17,20,26,2,2020-09-27,500.com
20096,1,20,23,26,27,32,15,2020-09-29,500.com
20097,2,8,21,25,26,30,10,2020-10-06,500.com
20098,6,8,11,22,25,33,2,2020-10-08,500.com
20099,5,6,11,12,15,30,12,2020-10-11,500.com
20100,1,7,15,16,20,23,7,2020-10-13,500.com
20101,10,17,24,25,28,30,15,2020-10-15,500.com
20102,9,10,19,25,26,29,8,2020-10-18,500.com
20103,4,9,10,22,28,32,8,2020-10-20,500.com
20104,4,8,10,16,27,29,9,2020-10-22,500.com
20105,6,14,19,20,22,24,1,2020-10-25,500.com
20106,2,4,11,15,18,28,10,2020-10-27,500.com
20107,3,9,11,24,25,28,16,2020-10-29,500.com
20108,10,12,15,17,23,32,5,2020-11-01,500.com
20109,6,13,16,20,23,32,13,2020-11-03,500.com
20110,2,6,9,14,22,25,4,2020-11-05,500.com
20111,6,9,17,22,24,26,16,2020-11-08,500.com
20112,2,9,12,17,28,32,5,2020-11-10,500.com
20113,1,3,7,10,22,32,11,2020-11-12,500.com
20114,1,5,11,24,30,32,3,2020-11-15,500.com
20115,1,4,12,20,25,32,2,2020-11-17,500.com
20116,5,6,14,16,19,27,10,2020-11-19,500.com
20117,7,8,9,10,16,27,7,2020-11-22,500.com
20118,11,13,19,26,30,33,5,2020-11-24,500.com
20119,1,9,22,28,32,33,15,2020-11-26,500.com
20120,1,2,3,4,9,10,12,2020-11-29,500.com
20121,2,4,6,21,25,29,3,2020-12-01,500.com
20122,12,15,17,24,26,31,15,2020-12-03,500.com
20123,1,3,18,19,26,29,3,2020-12-06,500.com
20124,16,18,19,20,29,33,12,2020-12-08,500.com
20125,5,12,16,26,30,31,13,2020-12-10,500.com
20126,3,7,12,14,23,28,11,2020-12-13,500.com
20127,1,4,18,19,26,31,7,2020-12-15,500.com
20128,8,10,15,16,23,26,10,2020-12-17,500.com
20129,1,2,5,15,28,33,4,2020-12-20,500.com
20130,8,9,11,14,17,29,16,2020-12-22,500.com
20131,8,19,22,26,27,30,7,2020-12-24,500.com
20132,1,4,11,12,14,23,4,2020-12-27,500.com
20133,3,19,22,23,27,29,7,2020-12-29,500.com
20134,2,9,10,20,22,26,1,2020-12-31,500.com
21001,2,3,13,18,20,31,11,2021-01-03,500.com
21002,6,10,13,25,26,32,11,2021-01-05,500.com
21003,6,9,16,18,22,29,11,2021-01-07,500.com
21004,2,3,7,8,17,22,15,2021-01-10,500.com
21005,7,9,14,26,30,31,4,2021-01-12,500.com
21006,6,8,22,24,25,26,1,2021-01-14,500.com
21007,2,4,12,21,25,32,16,2021-01-17,500.com
21008,1,5,7,14,18,33,7,2021-01-19,500.com
21009,2,4,7,24,25,32,13,2021-01-21,500.com
21010,1,4,11,19,32,33,5,2021-01-24,500.com
21011,5,10,16,23,27,33,14,2021-01-26,500.com
21012,3,6,14,18,20,26,1,2021-01-28,500.com
21013,6,9,12,16,27,31,6,2021-01-31,500.com
21014,4,15,21,25,29,33,6,2021-02-02,500.com
21015,6,14,16,26,28,29,7,2021-02-04,500.com
21016,3,8,9,13,15,18,10,2021-02-07,500.com
21017,9,15,18,29,32,33,2,2021-02-21,500.com
21018,2,8,14,23,25,32,6,2021-02-23,500.com
21019,12,16,17,24,28,29,8,2021-02-25,500.com
21020,1,3,6,7,9,11,2,2021-02-28,500.com
21021,4,8,17,24,28,33,13,2021-03-02,500.com
21022,10,15,17,25,31,32,6,2021-03-04,500.com
21023,2,21,22,23,27,28,11,2021-03-07,500.com
21024,1,4,6,10,11,18,2,2021-03-09,500.com
21025,6,8,14,17,18,30,11,2021-03-11,500.com
21026,3,5,13,19,20,25,3,2021-03-14,500.com
21027,5,7,9,16,20,26,8,2021-03-16,500.com
21028,11,16,23,26,27,33,5,2021-03-18,500.com
21029,8,10,15,17,22,30,12,2021-03-21,500.com
21030,8,9,13,27,29,31,5,2021-03-23,500.com
21031,6,11,21,25,28,31,7,2021-03-25,500.com
21032,1,5,8,15,16,30,3,2021-03-28,500.com
21033,2,12,13,14,31,33,6,2021-03-30,500.com
21034,4,10,12,18,23,25,1,2021-04-01,500.com
21035,12,14,18,20,26,28,11,2021-04-04,500.com
21036,1,2,6,11,21,26,11,2021-04-06,500.com
21037,13,17,19,24,26,30,12,2021-04-08,500.com
21038,5,7,9,16,18,27,6,2021-04-11,500.com
21039,2,8,21,24,29,31,13,2021-04-13,500.com
21040,2,6,7,24,28,29,16,2021-04-15,500.com
21041,2,9,18,23,26,32,14,2021-04-18,500.com
21042,5,9,10,22,25,27,8,2021-04-20,500.com
21043,2,3,17,18,23,24,1,2021-04-22,500.com
21044,5,7,14,17,26,28,13,2021-04-25,500.com
21045,1,4,14,15,17,32,2,2021-04-27,500.com
21046,5,9,13,21,28,33,6,2021-04-29,500.com
21047,3,7,13,16,24,29,1,2021-05-02,500.com
21048,4,15,17,22,29,32,3,2021-05-04,500.com
21049,4,11,13,22,25,32,1,2021-05-06,500.com
21050,2,9,10,16,25,28,8,2021-05-09,500.com
21051,8,9,10,19,27,29,15,2021-05-11,500.com
21052,3,4,6,19,21,30,14,2021-05-13,500.com
21053,7,10,14,16,24,33,16,2021-05-16,500.com
21054,7,13,21,22,24,31,2,2021-05-18,500.com
21055,3,11,12,16,22,28,10,2021-05-20,500.com
21056,8,21,22,23,29,32,1,2021-05-23,500.com
21057,5,6,9,17,25,33,16,2021-05-25,500.com
21058,9,11,13,18,19,28,14,2021-05-27,500.com
21059,1,9,11,18,32,33,14,2021-05-30,500.com
21060,10,11,17,20,29,30,15,2021-06-01,500.com
21061,4,9,12,18,20,23,1,2021-06-03,500.com
21062,12,13,15,20,22,25,10,2021-06-06,500.com
21063,4,5,6,9,23,24,9,2021-06-08,500.com
21064,4,6,8,15,16,18,16,2021-06-10,500.com
21065,1,4,8,19,29,33,16,2021-06-13,500.com
21066,2,6,19,26,30,33,15,2021-06-15,500.com
21067,1,11,19,23,25,29,9,2021-06-17,500.com
21068,4,14,18,24,31,32,15,2021-06-20,500.com
21069,6,11,18,20,23,26,5,2021-06-22,500.com
21070,1,5,11,15,16,29,15,2021-06-24,500.com
21071,1,7,24,31,32,33,8,2021-06-27,500.com
21072,1,9,15,16,19,21,15,2021-06-29,500.com
21073,1,6,18,22,24,25,8,2021-07-01,500.com
21074,4,5,9,14,25,27,7,2021-07-04,500.com
21075,12,15,16,21,22,29,1,2021-07-06,500.com
21076,3,9,21,23,30,32,6,2021-07-08,500.com
21077,8,15,17,25,27,30,10,2021-07-11,500.com
21078,4,6,15,26,27,31,12,2021-07-13,500.com
21079,1,3,10,24,28,29,13,2021-07-15,500.com
21080,5,8,22,23,24,29,9,2021-07-18,500.com
21081,1,3,5,18,22,23,1,2021-07-20,500.com
21082,3,6,11,13,26,32,5,2021-07-22,500.com
21083,4,9,11,25,28,33,4,2021-07-25,500.com
21084,5,7,9,11,21,28,1,2021-07-27,500.com
21085,5,6,7,11,14,20,2,2021-07-29,500.com
21086,6,8,10,14,28,29,1,2021-08-01,500.com
21087,2,13,16,19,23,24,4,2021-08-03,500.com
21088,4,12,15,16,19,26,6,2021-08-05,500.com
21089,1,2,7,13,23,24,12,2021-08-08,500.com
21090,5,6,12,14,27,28,8,2021-08-10,500.com
21091,4,6,16,24,26,33,16,2021-08-12,500.com
21092,2,7,8,10,12,31,3,2021-08-15,500.com
21093,5,11,15,23,28,33,3,2021-08-17,500.com
21094,9,11,24,25,28,33,15,2021-08-19,500.com
21095,8,12,17,24,27,28,13,2021-08-22,500.com
21096,1,7,11,14,15,26,11,2021-08-24,500.com
21097,3,11,12,13,25,28,12,2021-08-26,500.com
21098,1,10,13,18,26,32,5,2021-08-29,500.com
21099,9,11,17,18,20,27,15,2021-08-31,500.com
21100,7,9,12,13,14,29,16,2021-09-02,500.com
21101,2,4,12,22,29,31,1,2021-09-05,500.com
21102,5,9,15,24,27,30,9,2021-09-07,500.com
21103,10,13,15,25,29,30,15,2021-09-09,500.com
21104,1,7,17,20,22,28,15,2021-09-12,500.com
21105,10,14,15,22,27,32,9,2021-09-14,500.com
21106,1,4,7,14,30,31,3,2021-09-16,500.com
21107,2,3,17,19,25,30,1,2021-09-19,500.com
21108,11,15,18,24,26,32,9,2021-09-21,500.com
21109,2,3,10,17,20,26,16,2021-09-23,500.com
21110,10,13,15,24,31,32,2,2021-09-26,500.com
21111,17,20,22,23,26,28,6,2021-09-28,500.com
21112,5,6,21,25,28,33,7,2021-09-30,500.com
21113,4,7,10,22,27,30,2,2021-10-05,500.com
21114,4,6,8,14,24,27,2,2021-10-07,500.com
21115,2,10,12,15,24,27,8,2021-10-10,500.com
21116,6,14,17,18,31,33,6,2021-10-12,500.com
21117,3,5,17,21,27,33,4,2021-10-14,500.com
21118,2,6,14,18,20,31,13,2021-10-17,500.com
21119,3,9,10,11,28,29,13,2021-10-19,500.com
21120,1,7,8,12,13,18,5,2021-10-21,500.com
21121,4,5,12,16,22,30,15,2021-10-24,500.com
21122,4,5,12,15,18,28,7,2021-10-26,500.com
21123,6,14,15,19,29,31,5,2021-10-28,500.com
21124,1,3,18,22,29,32,2,2021-10-31,500.com
21125,14,19,20,23,24,31,9,2021-11-02,500.com
21126,19,20,23,27,28,31,1,2021-11-04,500.com
21127,7,15,16,20,27,29,7,2021-11-07,500.com
21128,5,17,20,21,23,33,4,2021-11-09,500.com
21129,4,15,21,27,28,29,10,2021-11-11,500.com
21130,8,9,15,24,26,30,6,2021-11-14,500.com
21131,8,11,18,19,20,24,1,2021-11-16,500.com
21132,1,4,6,14,20,28,8,2021-11-18,500.com
21133,1,3,12,19,27,31,10,2021-11-21,500.com
21134,1,2,16,19,25,31,8,2021-11-23,500.com
21135,3,10,17,19,21,31,4,2021-11-25,500.com
21136,2,6,9,15,19,28,16,2021-11-28,500.com
21137,3,7,10,14,21,24,1,2021-11-30,500.com
21138,11,14,15,16,27,32,9,2021-12-02,500.com
21139,12,14,19,23,24,27,1,2021-12-05,500.com
21140,5,10,16,26,27,33,1,2021-12-07,500.com
21141,1,14,19,23,26,30,10,2021-12-09,500.com
21142,4,7,17,19,20,24,16,2021-12-12,500.com
21143,1,9,11,13,20,29,9,2021-12-14,500.com
21144,2,5,13,15,23,26,7,2021-12-16,500.com
21145,4,7,10,14,16,26,9,2021-12-19,500.com
21146,7,9,21,22,26,32,3,2021-12-21,500.com
21147,5,10,11,13,27,28,9,2021-12-23,500.com
21148,10,12,15,17,19,20,8,2021-12-26,500.com
21149,5,10,15,18,19,32,5,2021-12-28,500.com
21150,9,14,20,21,24,26,4,2021-12-30,500.com
22001,6,13,15,17,20,21,3,2022-01-02,500.com
22002,2,12,21,23,25,31,8,2022-01-04,500.com
22003,2,5,16,17,18,30,6,2022-01-06,500.com
22004,5,19,24,28,30,32,14,2022-01-09,500.com
22005,7,10,12,16,19,31,16,2022-01-11,500.com
22006,3,6,9,15,22,31,2,2022-01-13,500.com
22007,1,20,22,23,25,28,16,2022-01-16,500.com
22008,2,3,7,9,20,21,13,2022-01-18,500.com
22009,4,15,17,19,25,28,16,2022-01-20,500.com
22010,12,18,19,20,21,32,15,2022-01-23,500.com
22011,6,15,23,24,25,33,15,2022-01-25,500.com
22012,4,7,8,29,30,31,1,2022-01-27,500.com
22013,2,3,4,7,10,18,15,2022-02-08,500.com
22014,6,7,13,14,15,27,4,2022-02-10,500.com
22015,6,14,16,27,28,31,7,2022-02-13,500.com
22016,5,10,19,20,29,31,14,2022-02-15,500.com
22017,6,9,24,29,30,32,7,2022-02-17,500.com
22018,7,11,16,17,30,32,16,2022-02-20,500.com
22019,5,6,14,20,21,25,8,2022-02-22,500.com
22020,9,11,14,22,30,32,1,2022-02-24,500.com
22021,3,7,22,24,26,31,14,2022-02-27,500.com
22022,1,7,11,15,17,19,6,2022-03-01,500.com
22023,7,12,17,19,24,25,2,2022-03-03,500.com
22024,7,9,10,14,19,24,15,2022-03-06,500.com
22025,6,19,24,25,28,32,4,2022-03-08,500.com
22026,3,4,10,15,22,24,2,2022-03-10,500.com
22027,14,15,18,19,26,32,9,2022-03-13,500.com
22028,5,11,20,22,23,29,9,2022-03-15,500.com
22029,3,8,10,13,26,32,8,2022-03-17,500.com
22030,12,23,24,26,27,30,5,2022-03-20,500.com
22031,1,10,11,22,26,32,7,2022-03-22,500.com
22032,4,10,11,14,23,32,7,2022-03-24,500.com
22033,5,12,19,22,25,26,5,2022-03-27,500.com
22034,14,17,26,31,32,33,10,2022-03-29,500.com
22035,8,12,13,19,23,25,15,2022-03-31,500.com
22036,2,3,14,16,26,31,2,2022-04-03,500.com
22037,1,10,13,20,22,32,14,2022-04-05,500.com
22038,9,12,13,16,24,32,4,2022-04-07,500.com
22039,2,6,7,10,15,20,5,2022-04-10,500.com
22040,3,12,14,16,31,33,12,2022-04-12,500.com
22041,5,7,21,22,24,29,14,2022-04-14,500.com
22042,5,10,11,21,22,30,13,2022-04-17,500.com
22043,2,17,20,23,25,27,8,2022-04-19,500.com
22044,1,7,8,21,23,29,6,2022-04-21,500.com
22045,3,12,17,18,19,28,4,2022-04-24,500.com
22046,2,11,24,25,27,30,14,2022-04-26,500.com
22047,3,7,8,14,27,30,9,2022-04-28,500.com
22048,5,7,17,20,26,31,14,2022-05-01,500.com
22049,2,4,7,18,25,26,10,2022-05-03,500.com
22050,3,5,8,14,27,33,8,2022-05-05,500.com
22051,2,5,11,17,21,33,1,2022-05-08,500.com
22052,7,24,27,29,31,32,15,2022-05-10,500.com
22053,10,14,18,23,27,33,15,2022-05-12,500.com
22054,8,12,21,27,28,33,11,2022-05-15,500.com
22055,2,4,9,26,28,33,3,2022-05-17,500.com
22056,1,6,11,14,17,26,15,2022-05-19,500.com
22057,12,15,20,26,30,33,16,2022-05-22,500.com
22058,6,13,14,23,31,33,1,2022-05-24,500.com
22059,6,9,18,19,29,33,6,2022-05-26,500.com
22060,16,18,19,24,28,32,1,2022-05-29,500.com
22061,1,3,16,18,29,33,6,2022-05-31,500.com
22062,16,18,20,21,23,33,5,2022-06-02,500.com
22063,6,8,9,17,22,31,11,2022-06-05,500.com
22064,4,6,12,13,17,31,16,2022-06-07,500.com
22065,9,14,18,23,28,31,2,2022-06-09,500.com
22066,6,11,14,20,27,30,9,2022-06-12,500.com
22067,1,5,13,21,26,29,15,2022-06-14,500.com
22068,7,12,15,24,26,29,6,2022-06-16,500.com
22069,6,7,13,19,26,29,8,2022-06-19,500.com
22070,4,6,9,27,28,33,2,2022-06-21,500.com
22071,4,7,15,18,29,33,1,2022-06-23,500.com
22072,5,14,15,16,18,32,12,2022-06-26,500.com
22073,6,10,14,15,26,29,12,2022-06-28,500.com
22074,5,7,15,19,29,33,15,2022-06-30,500.com
22075,1,2,4,25,26,30,10,2022-07-03,500.com
22076,8,9,10,13,24,29,2,2022-07-05,500.com
22077,3,17,18,19,20,27,16,2022-07-07,500.com
22078,1,4,5,15,17,31,9,2022-07-10,500.com
22079,1,9,15,17,22,23,16,2022-07-12,500.com
22080,5,12,15,17,18,27,4,2022-07-14,500.com
22081,4,8,11,21,27,30,1,2022-07-17,500.com
22082,4,10,11,23,30,32,14,2022-07-19,500.com
22083,8,12,13,14,19,20,5,2022-07-21,500.com
22084,3,18,23,24,25,32,9,2022-07-24,500.com
22085,7,9,14,31,32,33,13,2022-07-26,500.com
22086,1,4,8,21,23,24,11,2022-07-28,500.com
22087,5,6,9,13,23,25,8,2022-07-31,500.com
22088,3,9,15,17,20,22,6,2022-08-02,500.com
22089,2,7,15,29,31,33,15,2022-08-04,500.com
22090,1,4,25,27,29,30,7,2022-08-07,500.com
22091,8,18,20,22,24,28,10,2022-08-09,500.com
22092,7,10,16,20,21,27,11,2022-08-11,500.com
22093,21,22,24,28,29,32,14,2022-08-14,500.com
22094,6,11,13,16,19,31,2,2022-08-16,500.com
22095,4,13,14,18,20,28,8,2022-08-18,500.com
22096,3,16,17,19,25,33,7,2022-08-21,500.com
22097,4,5,10,13,30,31,14,2022-08-23,500.com
22098,2,3,4,6,21,33,5,2022-08-25,500.com
22099,1,11,23,24,26,32,15,2022-08-28,500.com
22100,2,6,7,15,20,21,15,2022-08-30,500.com
22101,4,16,18,19,27,28,4,2022-09-01,500.com
22102,9,10,12,18,29,32,14,2022-09-04,500.com
22103,6,9,12,14,20,28,10,2022-09-06,500.com
22104,1,8,19,25,26,31,1,2022-09-08,500.com
22105,6,12,13,15,21,23,15,2022-09-11,500.com
22106,17,20,22,23,24,31,1,2022-09-13,500.com
22107,3,9,11,15,19,28,16,2022-09-15,500.com
22108,1,7,13,17,18,31,15,2022-09-18,500.com
22109,4,11,13,19,22,33,11,2022-09-20,500.com
22110,9,13,15,18,20,28,15,2022-09-22,500.com
22111,2,10,11,13,28,31,1,2022-09-25,500.com
22112,3,5,8,17,25,31,1,2022-09-27,500.com
22113,13,14,20,24,27,29,2,2022-09-29,500.com
22114,1,5,15,19,26,29,13,2022-10-06,500.com
22115,6,7,18,20,27,29,9,2022-10-09,500.com
22116,8,14,26,27,30,33,1,2022-10-11,500.com
22117,4,13,17,18,28,29,6,2022-10-13,500.com
22118,2,6,7,11,14,33,8,2022-10-16,500.com
22119,2,5,15,18,26,27,4,2022-10-18,500.com
22120,2,15,19,26,27,29,2,2022-10-20,500.com
22121,12,17,22,27,30,31,2,2022-10-23,500.com
22122,6,8,17,19,24,28,5,2022-10-25,500.com
22123,10,13,16,20,21,25,5,2022-10-27,500.com
22124,5,10,13,18,24,26,1,2022-10-30,500.com
22125,2,3,7,12,20,31,16,2022-11-01,500.com
22126,1,13,15,17,26,33,13,2022-11-03,500.com
22127,3,4,9,10,29,33,13,2022-11-06,500.com
22128,3,12,18,24,27,29,1,2022-11-08,500.com
22129,10,12,14,22,24,27,7,2022-11-10,500.com
22130,2,8,15,17,26,28,12,2022-11-13,500.com
22131,3,5,10,13,19,29,6,2022-11-15,500.com
22132,1,3,18,26,32,33,4,2022-11-17,500.com
22133,5,8,16,17,21,25,12,2022-11-20,500.com
22134,1,5,14,17,24,31,14,2022-11-22,500.com
22135,9,11,13,24,28,32,6,2022-11-24,500.com
22136,8,10,14,15,18,22,8,2022-11-27,500.com
22137,8,21,23,27,28,33,1,2022-11-29,500.com
22138,2,14,19,21,25,28,11,2022-12-01,500.com
22139,6,7,9,16,17,19,14,2022-12-04,500.com
22140,8,9,18,19,20,27,15,2022-12-06,500.com
22141,5,12,13,17,20,27,14,2022-12-08,500.com
22142,1,3,13,16,21,27,3,2022-12-11,500.com
22143,7,8,13,29,30,33,3,2022-12-13,500.com
22144,7,20,22,23,31,32,5,2022-12-15,500.com
22145,3,21,25,30,31,33,11,2022-12-18,500.com
22146,6,7,13,18,26,31,6,2022-12-20,500.com
22147,2,3,7,13,20,30,10,2022-12-22,500.com
22148,2,15,16,17,21,31,14,2022-12-25,500.com
22149,2,22,26,29,32,33,14,2022-12-27,500.com
22150,1,7,11,12,22,28,5,2022-12-29,500.com
23001,9,16,18,22,28,32,2,2023-01-01,500.com
23002,2,6,10,16,18,22,13,2023-01-03,500.com
23003,5,8,18,25,30,32,6,2023-01-05,500.com
23004,1,7,15,16,20,25,16,2023-01-08,500.com
23005,2,6,8,13,14,19,16,2023-01-10,500.com
23006,2,10,12,14,24,26,5,2023-01-12,500.com
23007,5,6,9,22,25,31,3,2023-01-15,500.com
23008,5,13,18,20,26,28,6,2023-01-17,500.com
23009,3,4,19,23,30,32,6,2023-01-29,500.com
23010,4,5,13,18,27,29,12,2023-01-31,500.com
23011,6,7,16,17,21,22,4,2023-02-02,500.com
23012,3,4,7,22,26,30,6,2023-02-05,500.com
23013,6,10,14,22,23,33,13,2023-02-07,500.com
23014,6,7,18,23,27,30,5,2023-02-09,500.com
23015,2,3,14,21,29,32,8,2023-02-12,500.com
23016,14,16,19,23,28,30,3,2023-02-14,500.com
23017,5,11,18,20,26,28,12,2023-02-16,500.com
23018,10,12,17,19,25,31,13,2023-02-19,500.com
23019,6,12,26,28,29,32,15,2023-02-21,500.com
23020,1,12,17,18,26,27,5,2023-02-23,500.com
23021,2,5,6,19,21,27,4,2023-02-26,500.com
23022,10,11,18,19,23,31,3,2023-02-28,500.com
23023,5,8,10,15,24,25,9,2023-03-02,500.com
23024,3,6,9,17,27,28,3,2023-03-05,500.com
23025,4,16,20,21,31,32,14,2023-03-07,500.com
23026,1,18,26,30,31,33,3,2023-03-09,500.com
23027,8,10,22,27,32,33,8,2023-03-12,500.com
23028,5,7,10,17,20,22,14,2023-03-14,500.com
23029,3,7,12,24,28,33,8,2023-03-16,500.com
23030,2,3,7,16,30,31,6,2023-03-19,500.com
23031,7,14,27,29,31,33,5,2023-03-21,500.com
23032,6,19,20,26,28,33,1,2023-03-23,500.com
23033,8,9,13,23,24,26,5,2023-03-26,500.com
23034,2,3,9,11,12,17,15,2023-03-28,500.com
23035,1,4,9,10,20,33,6,2023-03-30,500.com
23036,13,14,18,19,24,30,9,2023-04-02,500.com
23037,8,23,25,26,29,31,12,2023-04-04,500.com
23038,2,9,14,17,31,33,8,2023-04-06,500.com
23039,2,3,9,13,19,28,9,2023-04-09,500.com
23040,9,16,17,24,29,31,8,2023-04-11,500.com
23041,1,6,12,13,15,24,6,2023-04-13,500.com
23042,10,17,20,23,27,30,10,2023-04-16,500.com
23043,5,8,12,20,24,28,10,2023-04-18,500.com
23044,2,8,15,22,24,26,16,2023-04-20,500.com
23045,3,6,12,21,27,28,4,2023-04-23,500.com
23046,6,8,17,25,26,28,3,2023-04-25,500.com
23047,5,7,14,23,31,33,7,2023-04-27,500.com
23048,2,3,10,24,28,30,8,2023-04-30,500.com
23049,5,7,14,23,25,27,2,2023-05-02,500.com
23050,2,7,9,14,22,23,5,2023-05-04,500.com
23051,22,26,29,30,32,33,14,2023-05-07,500.com
23052,3,4,5,8,12,17,6,2023-05-09,500.com
23053,1,7,14,20,27,30,15,2023-05-11,500.com
23054,5,6,9,10,15,26,12,2023-05-14,500.com
23055,3,4,20,23,27,32,13,2023-05-16,500.com
23056,8,14,15,18,23,33,8,2023-05-18,500.com
23057,2,5,10,17,24,32,3,2023-05-21,500.com
23058,10,17,22,26,30,33,11,2023-05-23,500.com
23059,2,6,13,22,27,32,6,2023-05-25,500.com
23060,9,11,17,19,30,31,11,2023-05-28,500.com
23061,1,4,6,11,12,22,15,2023-05-30,500.com
23062,11,19,23,24,26,33,15,2023-06-01,500.com
23063,4,8,17,20,22,27,13,2023-06-04,500.com
23064,1,7,11,12,16,18,4,2023-06-06,500.com
23065,2,14,17,20,26,33,14,2023-06-08,500.com
23066,2,7,8,10,26,31,6,2023-06-11,500.com
23067,1,3,12,19,28,32,14,2023-06-13,500.com
23068,11,12,15,18,29,33,2,2023-06-15,500.com
23069,12,14,17,20,21,26,2,2023-06-18,500.com
23070,3,5,25,31,32,33,4,2023-06-20,500.com
23071,5,12,15,19,24,26,6,2023-06-22,500.com
23072,2,6,10,24,25,33,9,2023-06-25,500.com
23073,1,3,15,16,25,32,10,2023-06-27,500.com
23074,2,8,9,18,19,21,3,2023-06-29,500.com
23075,13,15,24,28,30,31,1,2023-07-02,500.com
23076,3,4,15,18,19,22,9,2023-07-04,500.com
23077,7,9,14,22,26,27,1,2023-07-06,500.com
23078,6,8,14,19,30,31,8,2023-07-09,500.com
23079,5,6,9,12,21,22,7,2023-07-11,500.com
23080,1,2,4,9,25,31,8,2023-07-13,500.com
23081,1,11,15,16,22,31,15,2023-07-16,500.com
23082,4,18,19,24,27,30,16,2023-07-18,500.com
23083,7,10,12,16,17,30,12,2023-07-20,500.com
23084,9,13,14,17,19,27,3,2023-07-23,500.com
23085,11,18,23,24,31,33,13,2023-07-25,500.com
23086,8,9,10,22,26,32,12,2023-07-27,500.com
23087,2,9,15,17,28,33,1,2023-07-30,500.com
23088,1,14,18,26,31,33,5,2023-08-01,500.com
23089,8,13,15,27,28,31,11,2023-08-03,500.com
23090,1,2,9,26,30,31,7,2023-08-06,500.com
23091,16,20,22,26,30,32,16,2023-08-08,500.com
23092,3,12,24,25,32,33,13,2023-08-10,500.com
23093,10,21,24,25,27,32,7,2023-08-13,500.com
23094,6,10,12,14,30,31,12,2023-08-15,500.com
23095,3,8,16,17,22,26,11,2023-08-17,500.com
23096,8,11,18,26,31,32,15,2023-08-20,500.com
23097,1,9,14,19,29,30,15,2023-08-22,500.com
23098,2,10,11,14,21,27,11,2023-08-24,500.com
23099,9,11,14,19,27,33,5,2023-08-27,500.com
23100,5,6,12,15,23,25,4,2023-08-29,500.com
23101,1,5,9,15,18,26,4,2023-08-31,500.com
23102,1,9,10,13,21,28,10,2023-09-03,500.com
23103,5,6,13,24,25,29,15,2023-09-05,500.com
23104,10,19,23,25,30,31,12,2023-09-07,500.com
23105,1,3,5,26,30,32,16,2023-09-10,500.com
23106,7,9,10,20,22,24,7,2023-09-12,500.com
23107,3,7,18,25,29,33,14,2023-09-14,500.com
23108,1,3,6,8,18,24,9,2023-09-17,500.com
23109,6,8,10,13,16,28,13,2023-09-19,500.com
23110,2,6,20,25,29,33,16,2023-09-21,500.com
23111,5,6,12,17,20,33,9,2023-09-24,500.com
23112,9,12,13,22,24,31,4,2023-09-26,500.com
23113,1,2,13,18,25,27,3,2023-09-28,500.com
23114,7,9,15,16,17,26,9,2023-10-05,500.com
23115,2,7,16,21,26,27,16,2023-10-08,500.com
23116,2,8,9,13,24,27,12,2023-10-10,500.com
23117,2,11,14,17,18,28,8,2023-10-12,500.com
23118,1,2,11,19,25,29,4,2023-10-15,500.com
23119,1,2,3,19,21,28,15,2023-10-17,500.com
23120,3,8,13,24,27,29,8,2023-10-19,500.com
23121,2,12,16,25,30,31,12,2023-10-22,500.com
23122,7,8,14,18,20,30,5,2023-10-24,500.com
23123,10,13,15,22,29,32,15,2023-10-26,500.com
23124,2,3,17,18,25,30,11,2023-10-29,500.com
23125,11,14,15,27,30,33,4,2023-10-31,500.com
23126,10,24,26,28,29,31,16,2023-11-02,500.com
23127,3,8,19,22,26,32,14,2023-11-05,500.com
23128,7,16,20,21,27,33,1,2023-11-07,500.com
23129,8,9,12,17,32,33,4,2023-11-09,500.com
23130,4,10,17,22,23,32,16,2023-11-12,500.com
23131,6,7,14,20,26,32,1,2023-11-14,500.com
23132,3,9,11,15,25,27,1,2023-11-16,500.com
23133,4,5,10,14,22,25,3,2023-11-19,500.com
23134,5,8,9,17,22,33,4,2023-11-21,500.com
23135,5,6,11,13,28,30,7,2023-11-23,500.com
23136,3,5,10,21,22,26,10,2023-11-26,500.com
23137,3,12,17,19,23,27,11,2023-11-28,500.com
23138,3,22,28,30,31,33,4,2023-11-30,500.com
23139,12,14,19,21,27,31,11,2023-12-03,500.com
23140,3,4,11,14,30,31,5,2023-12-05,500.com
23141,1,8,11,12,21,23,3,2023-12-07,500.com
23142,2,8,20,21,27,33,14,2023-12-10,500.com
23143,5,7,9,16,23,30,15,2023-12-12,500.com
23144,12,16,17,22,25,27,8,2023-12-14,500.com
23145,7,10,21,22,23,24,11,2023-12-17,500.com
23146,2,3,6,11,20,32,9,2023-12-19,500.com
23147,5,6,14,16,19,32,12,2023-12-21,500.com
23148,3,5,7,9,19,20,8,2023-12-24,500.com
23149,2,10,19,24,26,33,15,2023-12-26,500.com
23150,10,17,25,26,30,33,5,2023-12-28,500.com
23151,1,15,16,20,25,27,5,2023-12-31,500.com
24001,3,7,16,26,27,32,16,2024-01-02,500.com
24002,4,9,10,17,19,20,9,2024-01-04,500.com
24003,1,5,8,13,32,33,3,2024-01-07,500.com
24004,9,13,17,18,21,27,4,2024-01-09,500.com
24005,5,6,20,23,25,32,3,2024-01-11,500.com
24006,7,18,20,21,26,32,5,2024-01-14,500.com
24007,4,5,6,7,20,22,15,2024-01-16,500.com
24008,8,20,21,23,27,30,13,2024-01-18,500.com
24009,1,4,7,10,17,23,14,2024-01-21,500.com
24010,11,16,20,21,23,24,4,2024-01-23,500.com
24011,8,12,16,20,27,31,6,2024-01-25,500.com
24012,1,3,7,18,22,28,15,2024-01-28,500.com
24013,1,7,10,14,21,25,7,2024-01-30,500.com
24014,1,2,10,22,24,25,13,2024-02-01,500.com
24015,3,8,17,18,20,30,15,2024-02-04,500.com
24016,7,12,20,24,32,33,4,2024-02-06,500.com
24017,4,17,19,20,25,32,4,2024-02-18,500.com
24018,6,15,17,24,28,29,16,2024-02-20,500.com
24019,5,11,12,16,17,20,8,2024-02-22,500.com
24020,3,8,12,14,17,33,8,2024-02-25,500.com
24021,4,6,16,17,23,24,11,2024-02-27,500.com
24022,2,9,11,14,18,26,6,2024-02-29,500.com
24023,1,10,22,25,28,32,10,2024-03-03,500.com
24024,3,7,21,24,26,30,10,2024-03-05,500.com
24025,8,15,21,22,25,33,13,2024-03-07,500.com
24026,4,7,18,19,20,25,6,2024-03-10,500.com
24027,2,6,13,27,28,32,13,2024-03-12,500.com
24028,3,7,8,11,18,19,5,2024-03-14,500.com
24029,12,18,23,25,28,33,4,2024-03-17,500.com
24030,1,8,22,25,29,33,10,2024-03-19,500.com
24031,9,10,13,25,30,32,2,2024-03-21,500.com
24032,1,3,4,11,12,21,16,2024-03-24,500.com
24033,6,10,11,18,20,32,5,2024-03-26,500.com
24034,2,9,12,19,21,31,4,2024-03-28,500.com
24035,5,7,14,17,22,32,6,2024-03-31,500.com
24036,2,8,9,12,21,31,2,2024-04-02,500.com
24037,1,4,5,6,12,14,13,2024-04-04,500.com
24038,8,10,18,23,27,31,2,2024-04-07,500.com
24039,2,6,12,29,30,31,10,2024-04-09,500.com
24040,11,14,18,19,23,26,2,2024-04-11,500.com
24041,2,9,12,22,25,33,16,2024-04-14,500.com
24042,2,4,5,14,26,32,14,2024-04-16,500.com
24043,4,6,7,14,15,24,8,2024-04-18,500.com
24044,2,6,17,25,32,33,6,2024-04-21,500.com
24045,2,8,19,23,24,26,3,2024-04-23,500.com
24046,2,6,10,11,17,29,15,2024-04-25,500.com
24047,7,8,21,26,29,30,15,2024-04-28,500.com
24048,2,9,15,19,26,28,2,2024-04-30,500.com
24049,12,15,17,23,26,32,11,2024-05-02,500.com
24050,1,3,7,10,22,33,2,2024-05-05,500.com
24051,5,9,13,20,23,28,6,2024-05-07,500.com
24052,7,10,11,15,17,21,3,2024-05-09,500.com
24053,7,14,21,22,28,33,7,2024-05-12,500.com
24054,8,13,20,25,31,32,3,2024-05-14,500.com
24055,2,4,6,7,16,29,3,2024-05-16,500.com
24056,5,18,20,24,25,26,6,2024-05-19,500.com
24057,3,8,17,18,23,31,8,2024-05-21,500.com
24058,8,12,13,17,27,29,13,2024-05-23,500.com
24059,1,3,14,25,31,33,7,2024-05-26,500.com
24060,1,2,6,10,22,28,15,2024-05-28,500.com
24061,1,9,18,22,25,28,2,2024-05-30,500.com
24062,1,7,10,16,18,27,16,2024-06-02,500.com
24063,7,14,16,23,28,32,4,2024-06-04,500.com
24064,6,8,17,18,28,30,5,2024-06-06,500.com
24065,3,5,9,10,19,22,14,2024-06-09,500.com
24066,8,9,12,22,26,32,13,2024-06-11,500.com
24067,1,11,13,17,25,29,3,2024-06-13,500.com
24068,1,2,7,19,20,21,1,2024-06-16,500.com
24069,6,13,20,21,24,32,6,2024-06-18,500.com
24070,4,13,18,20,22,28,5,2024-06-20,500.com
24071,2,8,19,28,30,31,14,2024-06-23,500.com
24072,1,14,20,21,23,27,6,2024-06-25,500.com
24073,3,9,12,18,28,30,1,2024-06-27,500.com
24074,7,8,10,22,24,32,7,2024-06-30,500.com
24075,3,5,8,18,22,28,1,2024-07-02,500.com
24076,3,22,24,27,29,32,15,2024-07-04,500.com
24077,1,4,6,14,17,22,8,2024-07-07,500.com
24078,5,9,14,21,22,26,12,2024-07-09,500.com
24079,2,3,6,7,16,26,4,2024-07-11,500.com
24080,6,11,12,27,29,30,13,2024-07-14,500.com
24081,1,6,12,17,23,25,4,2024-07-16,500.com
24082,1,2,13,16,17,29,16,2024-07-18,500.com
24083,3,9,14,29,32,33,15,2024-07-21,500.com
24084,1,8,10,13,19,29,13,2024-07-23,500.com
24085,1,5,15,21,23,27,15,2024-07-25,500.com
24086,17,19,20,23,25,31,2,2024-07-28,500.com
24087,3,9,18,19,20,26,11,2024-07-30,500.com
24088,3,8,10,17,30,32,10,2024-08-01,500.com
24089,3,6,9,15,18,31,1,2024-08-04,500.com
24090,7,11,17,24,31,32,12,2024-08-06,500.com
24091,13,15,16,19,20,24,10,2024-08-08,500.com
24092,3,8,11,12,18,29,5,2024-08-11,500.com
24093,1,5,7,11,12,15,12,2024-08-13,500.com
24094,6,13,17,22,25,27,9,2024-08-15,500.com
24095,4,6,9,14,16,21,3,2024-08-18,500.com
24096,2,4,14,18,23,27,13,2024-08-20,500.com
24097,4,10,12,13,18,30,3,2024-08-22,500.com
24098,3,8,10,20,30,31,2,2024-08-25,500.com
24099,4,12,17,24,26,27,16,2024-08-27,500.com
24100,13,14,19,20,27,30,5,2024-08-29,500.com
24101,8,12,15,17,19,30,8,2024-09-01,500.com
24102,9,15,18,21,22,25,1,2024-09-03,500.com
24103,12,21,23,27,32,33,15,2024-09-05,500.com
24104,5,16,23,24,26,29,4,2024-09-08,500.com
24105,2,5,17,19,29,33,4,2024-09-10,500.com
24106,3,8,11,22,31,33,4,2024-09-12,500.com
24107,1,6,8,13,17,19,9,2024-09-15,500.com
24108,1,8,9,23,24,30,8,2024-09-17,500.com
24109,3,4,24,28,29,33,9,2024-09-19,500.com
24110,4,13,17,23,25,33,14,2024-09-22,500.com
24111,1,4,11,12,22,30,16,2024-09-24,500.com
24112,8,11,16,25,29,32,3,2024-09-26,500.com
24113,4,5,23,24,26,31,11,2024-09-29,500.com
24114,7,11,18,24,27,32,4,2024-10-06,500.com
24115,3,10,11,19,27,28,7,2024-10-08,500.com
24116,1,15,20,22,31,32,3,2024-10-10,500.com
24117,3,12,14,16,29,32,12,2024-10-13,500.com
24118,2,3,4,6,11,15,14,2024-10-15,500.com
24119,2,9,26,27,31,32,14,2024-10-17,500.com
24120,1,5,7,11,18,19,7,2024-10-20,500.com
24121,1,7,10,13,27,33,3,2024-10-22,500.com
24122,5,7,9,16,17,29,15,2024-10-24,500.com
24123,2,15,22,26,30,33,4,2024-10-27,500.com
24124,2,14,15,17,25,30,11,2024-10-29,500.com
24125,1,4,13,18,26,30,3,2024-10-31,500.com
24126,14,18,23,24,26,33,10,2024-11-03,500.com
24127,2,5,13,20,27,32,10,2024-11-05,500.com
24128,1,8,13,18,20,26,16,2024-11-07,500.com
24129,9,10,13,19,24,32,1,2024-11-10,500.com
24130,1,8,12,17,19,24,16,2024-11-12,500.com
24131,4,5,11,15,20,32,13,2024-11-14,500.com
24132,1,4,25,27,28,33,3,2024-11-17,500.com
24133,1,11,15,27,30,33,1,2024-11-19,500.com
24134,2,4,13,16,18,20,16,2024-11-21,500.com
24135,5,11,17,18,30,31,13,2024-11-24,500.com
24136,3,11,15,21,25,26,3,2024-11-26,500.com
24137,4,9,10,19,26,27,12,2024-11-28,500.com
24138,2,7,11,21,27,28,2,2024-12-01,500.com
24139,15,16,20,22,23,29,14,2024-12-03,500.com
24140,4,7,8,17,22,26,15,2024-12-05,500.com
24141,1,2,7,15,24,29,12,2024-12-08,500.com
24142,4,6,13,21,22,25,6,2024-12-10,500.com
24143,2,5,11,22,30,33,10,2024-12-12,500.com
24144,2,9,11,17,20,30,11,2024-12-15,500.com
24145,1,3,16,22,23,30,3,2024-12-17,500.com
24146,2,4,11,22,27,32,10,2024-12-19,500.com
24147,5,11,13,16,21,30,10,2024-12-22,500.com
24148,2,6,15,16,21,23,11,2024-12-24,500.com
24149,3,9,16,17,18,22,16,2024-12-26,500.com
24150,13,14,20,22,26,32,2,2024-12-29,500.com
24151,5,10,16,19,29,32,4,2024-12-31,500.com
25001,2,3,17,18,22,33,16,2025-01-02,500.com
25002,9,12,13,15,22,26,11,2025-01-05,500.com
25003,10,19,20,26,28,29,15,2025-01-07,500.com
25004,3,7,17,27,29,32,4,2025-01-09,500.com
25005,10,16,19,27,28,30,9,2025-01-12,500.com
25006,1,7,8,17,20,22,6,2025-01-14,500.com
25007,7,8,14,18,21,27,11,2025-01-16,500.com
25008,9,14,16,17,25,33,11,2025-01-19,500.com
25009,2,4,11,12,23,25,6,2025-01-21,500.com
25010,4,6,7,16,17,21,8,2025-01-23,500.com
25011,6,13,17,22,24,29,11,2025-01-26,500.com
25012,7,11,13,18,27,31,11,2025-02-06,500.com
25013,4,14,16,23,24,30,14,2025-02-09,500.com
25014,6,7,9,13,21,27,5,2025-02-11,500.com
25015,4,11,15,24,25,33,15,2025-02-13,500.com
25016,2,3,12,16,20,29,14,2025-02-16,500.com
25017,4,12,15,18,28,29,5,2025-02-18,500.com
25018,3,9,18,21,28,29,11,2025-02-20,500.com
25019,5,13,17,18,22,23,11,2025-02-23,500.com
25020,4,11,13,16,26,30,15,2025-02-25,500.com
25021,7,8,16,18,25,32,14,2025-02-27,500.com
25022,11,17,18,20,28,30,10,2025-03-02,500.com
25023,9,12,13,24,25,33,7,2025-03-04,500.com
25024,10,11,22,27,30,32,15,2025-03-06,500.com
25025,12,15,21,23,25,30,2,2025-03-09,500.com
25026,9,10,12,14,19,32,7,2025-03-11,500.com
25027,5,7,8,15,16,23,6,2025-03-13,500.com
25028,4,9,14,15,18,25,15,2025-03-16,500.com
25029,5,15,16,25,30,33,16,2025-03-18,500.com
25030,4,6,7,30,31,33,6,2025-03-20,500.com
25031,1,5,6,8,23,28,1,2025-03-23,500.com
25032,3,8,10,14,16,21,3,2025-03-25,500.com
25033,3,5,18,25,26,33,8,2025-03-27,500.com
25034,5,8,13,14,24,26,12,2025-03-30,500.com
25035,1,8,16,18,25,31,1,2025-04-01,500.com
25036,5,11,13,16,19,32,7,2025-04-03,500.com
25037,3,6,11,20,21,31,2,2025-04-06,500.com
25038,6,19,20,23,26,33,9,2025-04-08,500.com
25039,8,10,12,15,17,23,11,2025-04-10,500.com
25040,2,6,8,9,10,24,11,2025-04-13,500.com
25041,6,10,17,19,25,31,6,2025-04-15,500.com
25042,7,13,19,23,27,33,12,2025-04-17,500.com
25043,3,12,16,19,20,32,13,2025-04-20,500.com
25044,2,3,7,8,14,28,11,2025-04-22,500.com
25045,2,14,19,24,29,33,13,2025-04-24,500.com
25046,2,3,10,16,29,33,1,2025-04-27,500.com
25047,1,14,21,22,23,31,12,2025-04-29,500.com
25048,16,21,22,23,27,31,10,2025-05-01,500.com
25049,3,6,19,27,29,33,11,2025-05-04,500.com
25050,9,12,15,18,22,33,16,2025-05-06,500.com
25051,1,2,3,4,17,22,1,2025-05-08,500.com
25052,6,7,10,17,20,26,9,2025-05-11,500.com
25053,6,9,10,13,30,33,7,2025-05-13,500.com
25054,5,7,10,21,24,27,16,2025-05-15,500.com
25055,2,5,22,27,29,33,12,2025-05-18,500.com
25056,1,2,10,14,28,31,3,2025-05-20,500.com
25057,4,9,15,16,25,30,14,2025-05-22,500.com
25058,2,6,7,9,10,20,6,2025-05-25,500.com
25059,4,10,11,12,13,24,1,2025-05-27,500.com
25060,6,14,18,25,28,30,1,2025-05-29,500.com
25061,6,7,9,10,11,32,9,2025-06-01,500.com
25062,6,8,9,13,25,31,14,2025-06-03,500.com
25063,2,19,21,22,28,30,1,2025-06-05,500.com
25064,2,10,13,22,29,33,16,2025-06-08,500.com
25065,6,10,13,14,15,20,11,2025-06-10,500.com
25066,6,22,24,27,28,30,4,2025-06-12,500.com
25067,1,5,10,17,20,22,5,2025-06-15,500.com
25068,5,7,8,19,20,31,7,2025-06-17,500.com
25069,2,4,19,23,27,30,5,2025-06-19,500.com
25070,2,3,15,21,22,33,6,2025-06-22,500.com
25071,1,12,18,23,25,28,7,2025-06-24,500.com
25072,2,14,17,25,27,29,5,2025-06-26,500.com
25073,2,7,10,27,30,33,11,2025-06-29,500.com
25074,3,4,12,20,32,33,13,2025-07-01,500.com
25075,10,12,14,19,20,21,15,2025-07-03,500.com
25076,2,6,9,12,14,30,8,2025-07-06,500.com
25077,4,7,8,15,20,21,15,2025-07-08,500.com
25078,6,15,17,30,32,33,14,2025-07-10,500.com
25079,8,11,14,15,30,32,5,2025-07-13,500.com
25080,3,7,8,10,16,19,5,2025-07-15,500.com
25081,3,6,18,20,23,28,5,2025-07-17,500.com
25082,4,6,9,14,32,33,11,2025-07-20,500.com
25083,10,15,16,17,27,29,12,2025-07-22,500.com
25084,6,8,10,14,24,33,15,2025-07-24,500.com
25085,11,14,15,18,21,24,13,2025-07-27,500.com
25086,2,6,8,10,17,24,6,2025-07-29,500.com
25087,2,6,14,15,24,26,8,2025-07-31,500.com
25088,1,3,13,18,21,25,6,2025-08-03,500.com
25089,4,6,8,18,31,33,5,2025-08-05,500.com
25090,6,11,12,21,27,28,15,2025-08-07,500.com
25091,3,4,17,19,25,27,14,2025-08-10,500.com
25092,2,11,14,17,23,24,12,2025-08-12,500.com
25093,9,11,12,24,25,26,10,2025-08-14,500.com
25094,11,13,17,19,23,29,16,2025-08-17,500.com
25095,15,16,22,23,26,32,4,2025-08-19,500.com
25096,7,9,11,12,16,29,15,2025-08-21,500.com
25097,3,5,16,23,26,31,14,2025-08-24,500.com
25098,5,8,13,17,18,29,2,2025-08-26,500.com
25099,9,11,15,17,22,26,14,2025-08-28,500.com
25100,12,16,17,25,30,31,16,2025-08-31,500.com
25101,5,8,9,10,16,21,5,2025-09-02,500.com
25102,4,9,16,17,18,31,7,2025-09-04,500.com
25103,13,16,21,25,28,31,16,2025-09-07,500.com
25104,2,5,15,16,24,32,16,2025-09-09,500.com
25105,4,7,18,24,26,28,8,2025-09-11,500.com
25106,4,5,17,22,26,30,4,2025-09-14,500.com
25107,2,3,10,15,25,33,13,2025-09-16,500.com
25108,1,9,14,17,22,33,7,2025-09-18,500.com
25109,5,6,9,17,18,31,3,2025-09-21,500.com
25110,1,5,11,14,16,19,8,2025-09-23,500.com
25111,9,14,18,28,31,33,12,2025-09-25,500.com
25112,3,9,11,13,20,32,2,2025-09-28,500.com
25113,8,10,13,15,24,31,16,2025-09-30,500.com
25114,1,20,21,25,26,27,10,2025-10-05,500.com
25115,2,3,8,19,24,30,2,2025-10-07,500.com
25116,2,4,8,24,28,31,9,2025-10-09,500.com
25117,6,8,17,20,25,33,10,2025-10-12,500.com
25118,1,10,11,16,24,26,3,2025-10-14,500.com
25119,6,9,23,26,28,32,11,2025-10-16,500.com
25120,1,2,4,7,13,32,7,2025-10-19,500.com
25121,6,8,10,25,29,30,8,2025-10-21,500.com
25122,16,18,19,20,25,31,13,2025-10-23,500.com
25123,7,9,23,24,25,26,10,2025-10-26,500.com
25124,1,2,18,19,21,33,13,2025-10-28,500.com
25125,3,9,12,13,26,32,9,2025-10-30,500.com
25126,2,12,13,16,19,25,10,2025-11-02,500.com
25127,3,9,15,17,19,28,3,2025-11-04,500.com
25128,2,10,18,19,24,27,1,2025-11-06,500.com
25129,3,4,7,13,20,30,3,2025-11-09,500.com
25130,1,5,8,14,19,23,6,2025-11-11,500.com
25131,3,13,14,18,24,31,3,2025-11-13,500.com
25132,4,8,10,21,23,32,11,2025-11-16,500.com
25133,5,14,17,19,20,33,7,2025-11-18,500.com
25134,3,5,9,13,26,29,12,2025-11-20,500.com
25135,1,2,5,9,25,32,10,2025-11-23,500.com
25136,8,10,14,23,28,32,12,2025-11-25,500.com
25137,2,8,11,23,27,29,5,2025-11-27,500.com
25138,10,13,14,23,24,27,15,2025-11-30,500.com
25139,2,5,17,22,30,33,6,2025-12-02,500.com
25140,1,3,4,12,18,24,5,2025-12-04,500.com
25141,2,4,5,10,12,13,6,2025-12-07,500.com
25142,2,13,15,23,27,31,16,2025-12-09,500.com
25143,2,9,12,13,15,24,3,2025-12-11,500.com
25144,1,8,15,20,26,33,13,2025-12-14,500.com
25145,11,12,15,18,25,32,14,2025-12-16,500.com
25146,5,7,12,24,26,28,2,2025-12-18,500.com
25147,1,3,5,8,22,33,8,2025-12-21,500.com
25148,3,4,9,10,15,22,16,2025-12-23,500.com
25149,1,2,4,6,22,30,10,2025-12-25,500.com
25150,6,13,17,19,24,31,8,2025-12-28,500.com
25151,8,9,14,22,28,30,4,2025-12-30,500.com
26001,2,6,11,12,13,33,15,2026-01-01,500.com
26002,1,5,7,18,30,32,2,2026-01-04,500.com
26003,5,6,9,21,28,30,16,2026-01-06,500.com
26004,3,7,8,9,18,32,10,2026-01-08,500.com
26005,1,20,22,27,30,33,10,2026-01-11,500.com
26006,2,6,22,23,24,28,15,2026-01-13,500.com
26007,9,13,19,27,29,30,1,2026-01-15,500.com
26008,6,9,16,27,31,33,10,2026-01-18,500.com
26009,3,6,13,19,23,25,10,2026-01-20,500.com
26010,4,9,10,15,19,26,12,2026-01-22,500.com
26011,2,3,4,20,31,32,4,2026-01-25,500.com
26012,3,5,7,16,20,24,8,2026-01-27,500.com
26013,4,9,12,13,16,20,1,2026-01-29,500.com
26014,7,13,19,22,26,32,1,2026-02-01,500.com
26015,7,10,13,22,27,31,12,2026-02-03,500.com
26016,4,5,9,10,27,30,13,2026-02-05,500.com
26017,1,3,5,18,29,32,4,2026-02-08,500.com
26018,11,15,17,22,25,30,7,2026-02-10,500.com
26019,7,8,16,17,18,30,1,2026-02-12,500.com
26020,1,13,14,21,24,30,2,2026-02-24,500.com
26021,3,13,25,26,30,31,4,2026-02-26,500.com
26022,15,18,23,25,28,32,11,2026-03-01,500.com
26023,1,3,8,10,23,29,6,2026-03-03,500.com
26024,1,2,13,21,23,29,14,2026-03-05,500.com
26025,2,3,15,20,23,24,10,2026-03-08,500.com
26026,2,9,16,22,25,29,3,2026-03-10,500.com
26027,2,13,17,18,25,26,13,2026-03-12,500.com
26028,2,6,9,17,25,28,15,2026-03-15,500.com
26029,6,19,22,23,28,31,5,2026-03-17,500.com
26030,10,11,14,19,22,24,4,2026-03-19,500.com
26031,3,10,12,13,18,33,8,2026-03-22,500.com
26032,1,3,11,18,31,33,2,2026-03-24,500.com
26033,3,6,13,21,28,29,6,2026-03-26,500.com
26034,1,3,7,13,22,23,7,2026-03-29,500.com
26035,2,6,12,24,25,32,2,2026-03-31,500.com
26036,6,10,12,15,22,28,8,2026-04-02,500.com
26037,11,22,27,29,31,33,12,2026-04-05,500.com
26038,1,2,13,23,25,27,5,2026-04-07,500.com
26039,8,17,18,21,25,30,5,2026-04-09,500.com
26040,3,4,14,22,23,33,4,2026-04-12,500.com
26041,2,8,10,17,19,24,13,2026-04-14,500.com
26042,2,7,12,19,24,31,10,2026-04-16,500.com
26043,6,9,14,16,25,32,16,2026-04-19,500.com
26044,2,14,17,18,22,30,1,2026-04-21,500.com
26045,4,11,15,17,24,30,15,2026-04-23,500.com
26046,2,9,10,24,31,33,16,2026-04-26,500.com
26047,7,16,21,24,27,30,7,2026-04-28,500.com
26048,9,15,18,24,28,33,1,2026-04-30,500.com
26049,3,4,14,15,18,20,2,2026-05-03,500.com
26050,6,9,25,27,28,30,3,2026-05-05,500.com
26051,9,14,15,16,29,30,10,2026-05-07,500.com
26052,1,3,11,22,26,31,11,2026-05-10,500.com
26053,1,2,3,8,13,14,2,2026-05-12,500.com
26054,13,20,25,29,30,33,2,2026-05-14,500.com
26055,4,11,24,25,32,33,13,2026-05-17,500.com
26056,10,19,21,22,31,33,5,2026-05-19,500.com
26057,1,10,22,24,28,30,7,2026-05-21,500.com
26058,1,4,7,21,29,30,1,2026-05-24,500.com
26059,8,16,26,28,29,30,15,2026-05-26,500.com
26060,7,9,10,16,22,27,11,2026-05-28,500.com
26061,1,4,5,15,23,28,7,2026-05-31,500.com
26062,2,4,7,14,28,29,9,2026-06-02,500.com
26063,2,8,25,28,30,31,2,2026-06-04,500.com
26064,1,9,15,18,29,33,15,2026-06-07,500.com
26065,7,8,16,24,30,32,2,2026-06-09,500.com
26066,5,11,21,23,24,29,16,2026-06-11,500.com
26067,4,19,27,29,30,32,13,2026-06-14,500.com
26068,3,5,16,18,29,32,4,2026-06-16,500.com
26069,12,14,16,17,18,32,8,2026-06-18,500.com
26070,3,6,8,14,26,27,8,2026-06-21,500.com
26071,3,8,19,25,31,33,5,2026-06-23,500.com
26072,7,8,12,15,17,21,1,2026-06-25,500.com
26073,9,10,13,16,19,21,8,2026-06-28,500.com
26074,2,23,24,26,28,32,4,2026-06-30,500.com
26075,8,12,18,21,24,30,1,2026-07-02,500.com
26076,1,3,19,20,24,25,7,2026-07-05,500.com
26077,1,4,5,14,18,25,4,2026-07-07,500.com
26078,7,11,14,16,27,28,6,2026-07-09,500.com
26079,1,11,17,22,24,29,4,2026-07-12,500.com
26080,4,5,11,19,27,32,1,2026-07-14,500.com
26081,6,10,12,15,24,27,12,2026-07-16,500.com
26082,5,7,10,14,21,28,4,2026-07-19,500.com
26083,7,14,15,23,28,33,3,2026-07-21,500.com
26084,1,5,6,10,12,16,5,2026-07-23,500.com
26085,6,9,13,17,24,28,15,2026-07-26,500.com
26086,2,5,14,25,30,32,5,2026-07-28,500.com
26087,4,6,10,18,23,31,11,2026-07-30,500.com
26088,6,7,11,18,22,33,5,2026-08-02,500.com
26089,5,18,23,24,27,33,3,2026-08-04,500.com
26090,2,4,15,23,25,27,3,2026-08-06,500.com
26091,2,13,14,16,20,24,5,2026-08-09,500.com
26092,9,11,12,25,30,33,11,2026-08-11,500.com
26093,5,8,15,20,21,24,9,2026-08-13,500.com
